123147.0000,6325.75,"N",1023.4,"E",1,8,10.3,"M",1.79,"N",3.3,"K",,"T",,"M",21.4,18.6,82.1,100.9,-1.11,,,,,,,,,,,,,,,,,,,,,
123148.0000,6325.75,"N",1023.4,"E",1,8,9.93,"M",1.77,"N",3.3,"K",,"T",,"M",21.4,18.6,82.1,100.9,-1,,,,,,,,,,,,,,,,,,,,,
123149.0000,6325.75,"N",1023.4,"E",1,8,9.53,"M",2.2,"N",4.1,"K",,"T",,"M",21.4,18.6,82.1,100.8,-1.33,,,,,,,,,,,,,,,,,,,,,
123150.0000,6325.75,"N",1023.4,"E",1,8,8.73,"M",2.06,"N",3.8,"K",,"T",,"M",21.4,18.6,82.1,100.7,-1.11,,,,,,,,,,,,,,,,,,,,,
123152.0000,6325.75,"N",1023.4,"E",1,8,12.7,"M",,"N",3.7,"K",,"T",,"M",21.4,18.5,82.1,100.8,-1,,,,,,,,,,,,,,,,,,,,,
123153.0000,6325.75,"N",1023.4,"E",1,8,14.3,"M",,"N",3.4,"K",,"T",,"M",21.4,17.8,82.1,100.7,-0.88,,,,,,,,,,,,,,,,,,,,,
123154.0000,6325.75,"N",1023.4,"E",1,8,12.4,"M",2,"N",3.7,"K",,"T",,"M",21.4,17.8,82.1,100.8,-0.88,,,,,,,,,,,,,,,,,,,,,
123155.0000,6325.75,"N",1023.4,"E",1,8,13,"M",2.21,"N",4.1,"K",,"T",,"M",21.4,17.8,82.1,100.9,-0.88,,,,,,,,,,,,,,,,,,,,,
123156.0000,6325.75,"N",1023.41,"E",1,8,13.8,"M",,"N",4.1,"K",,"T",,"M",21.4,17.8,82.1,100.9,-0.66,,,,,,,,,,,,,,,,,,,,,
123157.0000,6325.75,"N",1023.41,"E",1,8,13.4,"M",2.4,"N",4.4,"K",,"T",,"M",21.4,17.8,82.1,100.9,-1,,,,,,,,,,,,,,,,,,,,,
123159.0000,6325.76,"N",1023.41,"E",1,8,14.6,"M",,"N",4.1,"K",,"T",,"M",21.4,17.9,82.1,100.8,-0.88,,,,,,,,,,,,,,,,,,,,,
123200.0000,6325.76,"N",1023.41,"E",1,8,15,"M",,"N",3.1,"K",,"T",,"M",21.4,18.4,82.1,100.8,-0.88,,,,,,,,,,,,,,,,,,,,,
123201.0000,6325.75,"N",1023.41,"E",1,8,14.7,"M",,"N",3.1,"K",,"T",,"M",21.4,18.5,82.1,100.8,-0.99,,,,,,,,,,,,,,,,,,,,,
123202.0000,6325.75,"N",1023.41,"E",1,8,14,"M",2.24,"N",4.2,"K",,"T",,"M",21.4,18.6,82.1,100.8,-0.88,,,,,,,,,,,,,,,,,,,,,
123203.0000,6325.75,"N",1023.42,"E",1,8,13.5,"M",2.32,"N",4.3,"K",,"T",,"M",21.4,18.6,82.1,100.8,-0.88,,,,,,,,,,,,,,,,,,,,,
123204.0000,6325.76,"N",1023.42,"E",1,8,15.4,"M",2.63,"N",4.9,"K",,"T",,"M",21.4,18.6,82.1,100.8,-0.88,,,,,,,,,,,,,,,,,,,,,
123205.0000,6325.76,"N",1023.42,"E",1,8,16.9,"M",2.35,"N",4.3,"K",,"T","123206.0 21.4",".0 21.4",21.4,18.6,82.1,100.9,-0.88,,,,,,,,,,,,,,,,,,,,,
123207.0000,6325.76,"N",1023.42,"E",1,8,20.5,"M",,3207,7,5.76,7571,,"1023.420 21.4","20 21.4",21.4,18.6,82.1,100.8,-0.88,,,,,,,,,,,,,,,,,,,,,
123208.0000,6325.76,"N","01023.4123208.000",8,0,0,6325.76,,1023.42,"E",1,,,,38,,21.4,18.7,82.1,100.8,-0.99,,,,,,,,,,,,,,,,,,,,,
123209.0000,6325.76,"N",1023.42,"E",1,7,23.3,"M",1.04,"N",1.9,"K",,"T",,"M",21.6,19.4,82.1,100.8,-0.88,,,,,,,,,,,,,,,,,,,,,
123210.0000,6325.76,"N",1023.42,"E",1,8,24.2,"M",2.42,"N",4.5,"K",,"T",,"M",21.4,19.1,82.1,100.8,-0.88,,,,,,,,,,,,,,,,,,,,,
123211.0000,632123211,0,0,,,1023.42,3.42,7,,,"M",,"N",,,,21.4,18.6,82.1,100.9,-0.88,,,,,,,,,,,,,,,,,,,,,
123212.0000,6325.76,"N",1023.42,"E",1,7,25.7,"M",2.41,"N",4.5,"K",,"T",,"M",21.4,18.6,82.1,101.9,-0.99,,,,,,,,,,,,,,,,,,,,,
123214.0000,6325.76,"N",1023.43,"E",1,6,23.4,"M",,"N",5.4,"K",,"T",,"M",21.4,18.6,82.1,99.3,-0.88,,,,,,,,,,,,,,,,,,,,,
123215.0000,6325.76,"N",1023.43,"E",1,5,25,"M",,"N",5.3,"K",,"T",,"M",21.4,18.6,82.1,100.8,-1.11,,,,,,,,,,,,,,,,,,,,,
123216.0000,6325.76,"N",1023.42,"E",1,5,26.2,"M",,"N",4,"K",,"T",,"M",21.4,18.6,82.1,100.9,-1,,,,,,,,,,,,,,,,,,,,,
123217.0000,6325.76,"N",1023.42,"E",1,5,24.3,"M",2.52,"N",4.7,"K",,"T",,"M",21.4,18.6,82.4,100.9,-1,,,,,,,,,,,,,,,,,,,,,
123218.0000,6325.76,"N",1023.42,"E",1,5,21.4,"M",2.09,"N",3.9,"K",,"T",,"M",21.4,18.6,82.1,100.8,-1,,,,,,,,,,,,,,,,,,,,,
123219.0000,6325.76,"N",1023.42,"E",1,5,18.6,"M",1.61,"N",3,"K",,"T",,"M",21.4,18.6,82.1,100.9,-1.11,,,,,,,,,,,,,,,,,,,,,
123221.0000,6325.76,"N",1023.42,"E",1,4,21.4,"M",,"N",3.3,"K",,"T",,"M",21.4,18.2,82.1,101.2,-0.88,,,,,,,,,,,,,,,,,,,,,
123222.0000,6325.76,"N",1023.42,"E",1,4,20.7,"M",,"N",3.2,"K",,"T",,"M",21.4,18.2,82.4,100.8,-0.99,,,,,,,,,,,,,,,,,,,,,
123223.0000,6325.76,"N",1023.42,"E",1,4,20.4,"M",,"N",2.1,"K",,"T",,"M",21.4,18.1,82.4,100.8,-1,,,,,,,,,,,,,,,,,,,,,
123224.0000,6325.76,"N",1023.42,"E",1,4,20.4,"M",0.66,"N",1.2,"K",,"T",,"M",21.4,18.6,82.7,100.8,-1,,,,,,,,,,,,,,,,,,,,,
123225.0000,6325.77,"N",1023.42,"E",1,4,22.3,"M",0.88,"N",1.6,"K",,"T",,"M",21.4,17.8,82.1,100.8,-1.11,,,,,,,,,,,,,,,,,,,,,
123226.0000,6325.77,"N",1023.42,"E",1,4,22.7,"M123226.000",23226,6325.77,25.77,1023.42,23.42,3,,4,21.4,17.8,82.1,100.8,-1,,,,,,,,,,,,,,,,,,,,,
123227.0000,6325.77,"N",1023.42,"E",1,4,24,"M",1.16,"N",2.2,"K",,"T",,"M",21.4,17.8,82.7,100.9,-1,,,,,,,,,,,,,,,,,,,,,
123229.0000,6325.77,"N",123229,6325.77,25.77,0.77,77,4205,5,24.7,0.7,,0.13,,,,20.8,17.8,82.1,100.9,-1,,,,,,,,,,,,,,,,,,,,,
123230.0000,6325.77,"N",1023.42,"E",1,4,22.9,"M",,"N",1123230,0,6325.77,669,9,"02 20.4",20.4,17.8,82.1,100.8,-1.11,,,,,,,,,,,,,,,,,,,,,
123231.0000,6325.77,"N",123231,6325.77,25.77,0.77,64,4222,22,21.8,0.8,,0.11,,,,20.4,17.8,84.4,100.9,-0.99,,,,,,,,,,,,,,,,,,,,,
123232.0000,6325.77,"N",1023.42,"E",1,4,20.4,"M",0.71,"N",1.3,"K",,"T",,"M",20.4,17.8,82.4,100.8,-0.99,,,,,,,,,,,,,,,,,,,,,
123233.0000,6325.77,"N",1023.42,"E",1,4,20.2,"M",2.02,"N",3.7,"K",,"T",,"M",20.6,17.7,82.1,100.8,-1.11,,,,,,,,,,,,,,,,,,,,,
123234.0000,6325.77,"N",1023.42,"E",1,5,21.1,"M",1.14,"N",2.1,"K",,"T",,"M",20.4,17.1,82.1,100.8,-1.22,,,,,,,,,,,,,,,,,,,,,
123236.0000,6325.77,"N",1023.43,"E",1,5,23.3,"M",,"N",2.1,"K",,"T",,"M",20.4,17.1,82.1,100.8,-1,,,,,,,,,,,,,,,,,,,,,
123237.0000,6325.77,"N",1023.43,"E",1,5,24.8,"M",,"N",4.5,"K",,"T",,"M",20.4,17.4,82.1,100.9,-1.22,,,,,,,,,,,,,,,,,,,,,
123238.0000,6325.77,"N",1023.43,"E123238.000",23238,238,0,701,1,4257,57,25.7,0.7,,,6,20.4,17.2,82.1,100.9,-1,,,,,,,,,,,,,,,,,,,,,
123239.0000,6325.77,"N",1023.43,"E",1,5,26.7,"M",2.61,"N",4.8,"K",,"T",,"M",20.4,17.8,82.1,100.8,-1,,,,,,,,,,,,,,,,,,,,,
123240.0000,6325.77,"N",1023.43,"E",1,5,27.8,"M",2.71,"N",5,"K",,"T",,"M",20.4,17.8,82.1,100.8,-1,,,,,,,,,,,,,,,,,,,,,
123241.0000,6325.77,"N",1023.43,"E",1,5,28.3,"M",2.71,"N",5,"K",,"T",,"M",20.4,17.8,82.1,100.9,-0.88,,,,,,,,,,,,,,,,,,,,,
123242.0000,6325.77,"N",1023.43,"E",1,6,29,"M",2.99,"N",5.5,"K",,"T",,"M",20.4,17.8,84.4,100.8,-1.88,,,,,,,,,,,,,,,,,,,,,
123244.0000,6325.78,"N",1023.43,"E",1,7,30.5,"M",,"N",6,"K",,"T",,"M",20.4,17.8,86.2,100.8,-0.88,,,,,,,,,,,,,,,,,,,,,
123245.0000,"6325.777123245.000",3245,45,0.78,775,5,,,,,,4,,,0.7,,20.4,17.8,82.1,100.8,-0.99,,,,,,,,,,,,,,,,,,,,,
123246.0000,6325.78,"N",1023.43,"E",1,123246,3246,25.78,0.78,23.43,3.43,,9,,,,20.4,17.8,82.1,100.8,-0.99,,,,,,,,,,,,,,,,,,,,,
123247.0000,6325.78,"N",1023.43,"E",1,9,32.4,"M",1.84,"N",3.4,"K",,"T",,"M",20.4,17.8,82.1,100.8,-0.88,,,,,,,,,,,,,,,,,,,,,
123248.0000,6325.78,"N",1023.44,"E",1,8,31.8,"M",1.42,"N",2.6,"K",,"T",,"M",20.4,17.8,82.1,100.9,-0.88,,,,,,,,,,,,,,,,,,,,,
123249.0000,6325.78,"N",1023.44,"E",1,9,31.2,"M",1.34,"N",2.5,"K",,"T",,"M",20.3,17.8,82.1,100.9,-0.77,,,,,,,,,,,,,,,,,,,,,
123251.0000,6325.78,"N",1023.44,"E",1,9,30.2,"M",,"N",2.8,"K",,"T",,"M",19.9,17.6,82.1,100.9,-0.88,,,,,,,,,,,,,,,,,,,,,
123252.0000,6325.78,"N",1023.44,"E",1,9,29.9,"M",,"N",1.9,"K",,"T",,"M",20.1,17.1,82.1,100.9,-1,,,,,,,,,,,,,,,,,,,,,
123253.0000,6325.78,"N",1023.44,"E",1,9123253,23253,325.78,5.78,1023.44,23.44,1,9,5,,"M",19.5,17.1,82.1,101,-0.88,,,,,,,,,,,,,,,,,,,,,
123254.0000,6325.78,"N",1023.44,"E",1,9,31.6,"M",1.32,"N",2.4,"K",,"T",,"M",19.5,16.9,82.4,100.9,-0.88,,,,,,,,,,,,,,,,,,,,,
123255.0000,6325.78,"N",1023.45,"E",1,9,31.5,"M",1.66,"N",3.1,"K",,"T",,"M",19.5,16.4,82.7,100.9,-1,,,,,,,,,,,,,,,,,,,,,
123256.0000,6325.78,"N",1023.45,23256,256,6,0,6,"N",65,,0.1,,,,,19.5,16.4,84.1,100.9,-0.88,,,,,,,,,,,,,,,,,,,,,
123257.0000,6325.78,"N","01023.44123258.000",258,8,0,,"N",1023.45,,,,,,0.85,,19.5,16.4,84.4,100.9,-0.99,,,,,,,,,,,,,,,,,,,,,
123259.0000,6325.78,"N",1023.45,"E",1,9,29.2,"M",,"N",2.1,"K",,"T",,"M",19.5,16.4,84.4,100.9,-0.88,,,,,,,,,,,,,,,,,,,,,
123300.0000,6325.78,"N",1023.45,"E",1,9,30.2,"M",,"N",2.6,"K",,"T",,"M",19.5,16.4,84.4,100.9,-0.88,,,,,,,,,,,,,,,,,,,,,
123301.0000,6325.78,"N",1023.45,"E",1,9,31.2,"M",,"N",3.9,"K",,"T",,"M",19.5,16.4,84.4,100.9,-0.99,,,,,,,,,,,,,,,,,,,,,
123302.0000,6325.78,"N",1023.46,"E",1,9,31.6,"M",1.93,"N",3.6,"K",,"T",,"M",19.5,16.4,84.4,100.9,-1,,,,,,,,,,,,,,,,,,,,,
123303.0000,6325.78,"N",1023.46,"E",1,9,31,"M",1.28,"N",2.4,"K",,"T",,"M",19.5,16.4,84.4,100.9,-1.11,,,,,,,,,,,,,,,,,,,,,
123304.0000,6325.78,"N",1023.46,"E",1,9,32.2,"M",1.36,"N",2.5,"K",,"T",,"M",19.5,16.4,84.4,100.9,-1.11,,,,,,,,,,,,,,,,,,,,,
123306.0000,6325.78,"N",1023.46,"E",1,9,33.7,"M",,"N",3,"K",,"T",,"M",19.3,16.7,84.4,100.9,-1.22,,,,,,,,,,,,,,,,,,,,,
123307.0000,6325.78,"N",1023.46,"E",1,9,34.4,"M",,"N",3.1,"K",,"T",,"M",19.5,16.9,84.4,100.9,-1,,,,,,,,,,,,,,,,,,,,,
123308.0000,6325.78,"N",1023.47,"E",1,9,35.7,"M",2.23,"N",4.1,"K",,"T",,"M",19.3,17.1,84.4,100.9,-1,,,,,,,,,,,,,,,,,,,,,
123309.0000,6325.78,"N",1023.46,"E",1,9,37,"M",2.2,"N",4.1,"K",,"T",,"M",19.1,17.1,84.4,100.8,-0.88,,,,,,,,,,,,,,,,,,,,,
123310.0000,6325.78,"N",1023.46,"E",1,9,37.6,"M",2.15,"N",4,"K",,"T",,"M",19,17.1,84.4,100.8,-0.88,,,,,,,,,,,,,,,,,,,,,
123311.0000,6325.78,"N",1023.46,"E",1,9,40,"M",2.31,"N",4.3,"K",,"T",,"M",18.8,17.1,84.4,100.9,-0.88,,,,,,,,,,,,,,,,,,,,,
123313.0000,6325.78,"N",1023.46,"E",1,9,44.9,"M",,"N",5.3,"K",,"T",,"M",18.7,17.1,84.4,100.9,-0.88,,,,,,,,,,,,,,,,,,,,,
123314.0000,6325.79,"N",1023.46,"E",1,9,46,"M",,"N",4.6,"K",,"T",,"M",18.7,17.1,84.4,100.9,-0.99,,,,,,,,,,,,,,,,,,,,,
123316.0000,6325.79,"N",1023.46,"E",1,9,48,"M",,"N",5.1,"K",,"T",,"M",18.7,17.1,84.4,100.9,-1.22,,,,,,,,,,,,,,,,,,,,,
123317.0000,6325.79,"N",1023.46,"E",1,9,48.7,"M",2.39,"N",4.4,"K",,"T",,"M",18.7,17.1,84.7,100.9,-1.33,,,,,,,,,,,,,,,,,,,,,
123318.0000,6325.79,"N",1023.46,"E",1,9,50,"M",2.59,"N",4.8,"K",,"T",,"M",18.7,17.1,86.5,100.8,-1.33,,,,,,,,,,,,,,,,,,,,,
123319.0000,6325.79,"N",1023.46,"E",1,9,51.1,"M",2.87,"N",5.3,"K",,"T",,"M",18.7,17.1,86.5,100.8,-1.33,,,,,,,,,,,,,,,,,,,,,
123321.0000,6325.79,"N",1023.46,"E",1,9,54.2,"M123321.000",23321,6325.79,25.79,1023.46,23.46,16,,9,18.7,17.1,86.2,100.9,-1.11,,,,,,,,,,,,,,,,,,,,,
123322.0000,6325.79,"N",1023.46,"E",1,8,54.6,"M",,"N",4.4,"K",,"T",,"M",18.7,17.1,86.5,100.8,-1,,,,,,,,,,,,,,,,,,,,,
123323.0000,6325.79,"N",1023.46,"E",1,9,55.2,"M",2.15,"N",4,"K",,"T",,"M",18.7,17.1,86.5,100.7,-0.99,,,,,,,,,,,,,,,,,,,,,
123324.0000,6325.79,"N",1023.46,"E",1,9,57.3,"M",2.72,"N",5,"K",,"T",,"M",18.7,17.1,86.5,100.8,-0.88,,,,,,,,,,,,,,,,,,,,,
123325.0000,6325.79,"N",1023.46,"E",1,9,56.8,"M",2.54,"N",4.7,"K",,"T",,"M",18.7,17.2,86.8,100.9,-0.88,,,,,,,,,,,,,,,,,,,,,
123326.0000,6325.8,"N",1023.46,"E",1,9,59.7,"M",2.81,"N",5.2,"K",,"T",,"M",18.7,17.7,86.5,100.9,-0.88,,,,,,,,,,,,,,,,,,,,,
123328.0000,6325.8,"N",1023.46,"E",1,9,63,"M",,"N",4.9,"K",,"T",,"M",18.7,17.8,86.2,100.8,-1,,,,,,,,,,,,,,,,,,,,,
123329.0000,6325.8,"N",1023.46,"E",1,9,63.3,"M",,"N",5,"K",,"T",,"M",18.7,17.8,85.9,100.9,-1,,,,,,,,,,,,,,,,,,,,,
123330.0000,6325.8,"N",1023.46,"E",1,9,63.8,0,0,995,5,4554,54,,9,,18.7,17.8,85.9,100.9,-1,,,,,,,,,,,,,,,,,,,,,
123331.0000,6325.8,"N",1023.45,"E",1,9,65.2,"M",,"N",4.8,"K",,"T",,"M",18.7,17.8,86.5,100.9,-0.77,,,,,,,,,,,,,,,,,,,,,
123332.0000,6325.8,"N",1023.45,"E",1,9,67,"M",3.1,"N",5.7,"K",,"T",,"M",18.7,17.8,85.6,100.9,-0.99,,,,,,,,,,,,,,,,,,,,,
123333.0000,6325.8,"N",1023.45,"E",1,9,67.7,"M",2.52,"N",4.7,"K",,"T",,"M",18.7,17.8,84.2,100.9,-0.99,,,,,,,,,,,,,,,,,,,,,
123334.0000,6325.8,"N",1023.45,"E",1,9,66,"M",2.46,"N","4.6123335.000",0,0,0.8,37,"01 18.7",18.7,17.8,85,100.9,-0.99,,,,,,,,,,,,,,,,,,,,,
123336.0000,6325.8,"N",1023.46,"E",1,9,65.5,"M",,"N",4.1,"K",,"T",,"M",18.7,17.8,84.7,100.8,-1,,,,,,,,,,,,,,,,,,,,,
123337.0000,6325.81,"N",1023.46,"E",1,8,64.9,"M",,0,0,4,"N",3.46,4580,,18.7,17.8,84.4,100.8,-1,,,,,,,,,,,,,,,,,,,,,
123338.0000,6325.81,"N",1023.46,"E",1,9,65.7,"M",2.37,"N",4.4,"K",,"T",,"M",18.7,17.8,84.7,100.9,-0.99,,,,,,,,,,,,,,,,,,,,,
123339.0000,6325.81,"N",1023.46,"E",1,9,64,"M",1.98,"N",3.7,"K",,"T",,"M",18.7,17.8,84.4,100.9,-1,,,,,,,,,,,,,,,,,,,,,
123340.0000,6325.81,"N",1023.46,"E",1,9,61.9,"M",1.52,"N",2.8,"K",,"T",,"M",18.7,17.8,84.7,100.9,-1,,,,,,,,,,,,,,,,,,,,,
123341.0000,6325.81,"N",1023.46,"E",1,9,60.8,"M",1.3,"N",2.4,"K",,"T",,"M",18.7,17.8,84.4,100.8,-1.11,,,,,,,,,,,,,,,,,,,,,
123343.0000,6325.81,"N",1023.47,"E",1,8,57.3,"M",,"N",2.8,"K",,"T",,"M",18.7,17.8,84.4,100.8,-1,,,,,,,,,,,,,,,,,,,,,
123346.0000,6325.81,"N",1023.47,"E",1,7,52.4,"M",,"N",1.4,"K",,"T",,"M",18.7,17.8,84.4,100.9,-1,,,,,,,,,,,,,,,,,,,,,
123347.0000,6325.81,"N",1023.47,"E",1,7,52,"M",0.25,"N",0.5,"K",,"T",,"M",18.7,17.8,84.4,100.9,-1,,,,,,,,,,,,,,,,,,,,,
123348.0000,6325.81,"N",1023.47,"E",1,7,51.8,"M",0.1,"N",0.2,"K",,"T",,"M",18.7,17.8,84.4,100.9,-1,,,,,,,,,,,,,,,,,,,,,
123350.0000,6325.81,"N",1023.47,"E",1,7,49.2,"M",,"N",0.4,"K",,"T",,"M",18.7,17.8,84.4,100.9,-1,,,,,,,,,,,,,,,,,,,,,
123351.0000,6325.81,"N",1023.47,"E",1,6,49,"M",,"N",0.3,"K",,"T",,"M",18.8,17.8,84.4,100.9,-1,,,,,,,,,,,,,,,,,,,,,
123352.0000,6325.81,"N",1023.47,"E",1,7,48.2,"M",,"N",0.5,"K",,"T",,"M",18.7,17.8,84.4,100.8,-1,,,,,,,,,,,,,,,,,,,,,
123353.0000,6325.81,"N",1023.47,"E",1,8,48.1,"M",0.43,"N",0.8,"K",,"T",,"M",18.8,17.4,84.4,100.9,-0.99,,,,,,,,,,,,,,,,,,,,,
123354.0000,6325.81,"N",1023.47,"E",1,7,45.5,"M",0.27,"N",0.5,"K",,"T",,"M",18.8,17.1,84.4,100.9,-0.99,,,,,,,,,,,,,,,,,,,,,
123355.0000,6325.81,"N",1023.47,"E",1,7,43.7,"M",0.9,"N",1.7,"K",,"T",,"M",18.8,17.1,84.4,100.9,-1,,,,,,,,,,,,,,,,,,,,,
123358.0000,6325.8,"N",1023.47,"E",1,7,37.6,"M",,0,0,6,"N",3.47,4722,,19.2,17.1,84.4,100.9,-0.99,,,,,,,,,,,,,,,,,,,,,
123359.0000,6325.8,"N",1023.47,"E",1,7,36.8,"M",,"N",0.7,"K",,3359,59,,18.8,17.1,85,100.9,-1,,,,,,,,,,,,,,,,,,,,,
123400.0000,6325.8,"N",1023.47,"E",1,7,35.4,"M",0.73,"N",1.3,"K",,"T",,"M",19,17.1,84.4,100.9,-0.99,,,,,,,,,,,,,,,,,,,,,
123401.0000,6325.8,"N",1023.47,"E",1,7,3123401,,325.8,,1023.47,"E",1,4.7,7,,18.9,17.1,84.7,100.9,-0.88,,,,,,,,,,,,,,,,,,,,,
123402.0000,6325.8,"N",1023.47,"E",1,7,34.3,"M",1.03,"N",1.9,"K",,"T",,"M",19.2,17.1,85.6,100.9,-0.99,,,,,,,,,,,,,,,,,,,,,
123403.0000,6325.8,"N",1023.47,"E",1,7,34.7,"M",0.39,"N",0.7,"K",,"T",,"M",18.8,17.1,85.9,100.9,-1.11,,,,,,,,,,,,,,,,,,,,,
123405.0000,6325.8,"N",1023.47,"E",1,8,35.5,"M",,"N",0.5,"K",,"T",,"M",19.3,17.1,86.2,100.9,-1.11,,,,,,,,,,,,,,,,,,,,,
123406.0000,6325.8,"N",1023.47,"E",1,8,34.7,"M",,"N",0.5,"K",,"T",,"M",19.1,17.2,86.2,100.9,-1,,,,,,,,,,,,,,,,,,,,,
123407.0000,6325.8,"N",1023.47,"E",1,8,34.5,"M",,"N",2,"K",,"T",,"M1 19.0",19,17.2,86.8,100.9,-0.77,,,,,,,,,,,,,,,,,,,,,
123408.0000,6325.8,"N",1023.48,"E",1,8,32.2,"M",1.86,"N",3.4,"K",,"T",,"M",19,17.6,86.2,100.8,-0.88,,,,,,,,,,,,,,,,,,,,,
123409.0000,6325.8,"N",1023.48,"E",1,8,30.6,"M",1.95,"N",3.6,"K",,"T",,"M",19.3,17.8,86.8,100.8,-0.99,,,,,,,,,,,,,,,,,,,,,
123410.0000,6325.8,"N",1023.48,"E",1,8,29.8,"M",2.18,"N",4,"K",,"T",,"M",19.1,17.8,86.8,100.9,-1,,,,,,,,,,,,,,,,,,,,,
123413.0000,6325.8,"N","01023.4123413.000",13,0,0,6325.8,,1023.48,"E",1,,,,93,,19.3,17.8,86.8,100.9,-1.99,,,,,,,,,,,,,,,,,,,,,
123414.0000,6325.8,"N",1023.49,"E",1,8,33.7,"M",,"N",2.9,23414,414,0,"6325.804 19.3","04 19.3",19.3,17.8,86.8,100.8,-1.22,,,,,,,,,,,,,,,,,,,,,
123415.0000,6325.81,"N",1023.49,"E",1,9,34.5,"M",2.26,"N",4.2,"K",,"T",,"M",19.4,17.8,86.8,100.8,-1.22,,,,,,,,,,,,,,,,,,,,,
123416.0000,6325.81,"N",1023.49,"E",1,9,34,"M",,23416,416,25.81,0.81,"N","01023.48 19.5","48 19.5",19.5,17.8,86.8,100.9,-0.88,,,,,,,,,,,,,,,,,,,,,
123417.0000,6325.81,"N",1023.49,"E",1,9,34.7,"M",1.31,"N",2.4,"K",,"T",,"M",19.4,17.8,86.8,100.9,-0.99,,,,,,,,,,,,,,,,,,,,,
123418.0000,6325.81,"N",1023.49,"E",1,9,34.3,"M",1.17,"N",2.2,"K",,"T",,"M",19.4,18,86.8,100.8,-1,,,,,,,,,,,,,,,,,,,,,
123420.0000,6325.8,"N",1023.49,"E",1,9,32.5,"M",,"N",3.2,"K",,"T",,"M",19.5,18.5,86.8,100.8,-1.11,,,,,,,,,,,,,,,,,,,,,
123421.0000,6325.81,"N",1023.5,"E",1,9,31.9,"M",,"N",2.5,"K",,"T",,"M",19.5,18.6,86.8,100.9,-0.88,,,,,,,,,,,,,,,,,,,,,
123422.0000,6325.81,"N",1023.5,"E",1,9,31.3,"M",,"N",3.3,"K",,"T",,"M",19.5,18.6,86.8,100.9,-0.88,,,,,,,,,,,,,,,,,,,,,
123423.0000,6325.81,"N",1023.5,"E",1,9,31.8,"M",1.68,"N",3.1,"K",,"T",,"M",19.5,18.6,86.8,100.9,-1.11,,,,,,,,,,,,,,,,,,,,,
123424.0000,6325.8,"N",1023.5,"E",1,9,31,"M",1.11,"N",2.1,"K",,"T",,"M",19.5,18.6,86.8,100.9,-0.99,,,,,,,,,,,,,,,,,,,,,
123426.0000,6325.8,"N",1023.5,"E",1,9,29,"M",1.43,"N",2.6,"K",,"T",,"M",19.5,18.5,86.8,100.9,-0.88,,,,,,,,,,,,,,,,,,,,,
123428.0000,6325.8,"N",1023.5,"E",1,9,26.8,"M",,"N",1.3,"K",,"T",,"M",19.5,18.4,86.8,100.9,-1.22,,,,,,,,,,,,,,,,,,,,,
123429.0000,632123429,0,0,,,1023.5,3.5,9,,,"M",,"N",,,,19.5,18.2,86.8,100.9,-1.22,,,,,,,,,,,,,,,,,,,,,
123430.0000,6325.8,"N",1023.51,"E",1,9,24.4,"M",0.81,"N",1.5,"K",,"T",,"M",19.5,17.8,86.8,100.9,-1.99,,,,,,,,,,,,,,,,,,,,,
"123431.000123431.000",23431,6325.8,25.8,1023.51,23.51,0.51,73,2.3,3,,81,1.5,5,,"K",3,19.5,17.8,86.8,100.9,-1.11,,,,,,,,,,,,,,,,,,,,,
123433.0000,6325.8,"N",1023.51,"E",1,9,21.5,"M",1.06,"N",2,"K",,"T",,"M",19.5,17.8,86.8,100.9,-1.11,,,,,,,,,,,,,,,,,,,,,
123435.0000,6325.8,"N",1023.51,"E",1,9,21.7,"M",,"N",2.6,"K",,"T",,"M",19.5,17.8,86.8,100.9,-1.11,,,,,,,,,,,,,,,,,,,,,
123436.0000,6325.8,"N",1023.52,"E",1,9,22.5,"M",,"N",3.6,"K",,"T",,"M",19.5,17.8,86.8,100.9,-1.22,,,,,,,,,,,,,,,,,,,,,
123437.0000,6325.8,"N",1023.52,"E",1,9,21.9,"M",,437,7,0.8,28,"01023.5180 19.5","023.5180 19.5","80 19.5",19.5,17.8,86.8,100.9,-1.22,,,,,,,,,,,,,,,,,,,,,
123438.0000,6325.8,"N",1023.52,"E",1,9,22.3,"M",1.66,"N",3.1,"K",,"T",,"M",19.4,17.8,86.8,100.9,-1,,,,,,,,,,,,,,,,,,,,,
123439.0000,6325.8,"N",1023.52,"E",1,9,20.9,"M",0.74,"N",1.4,"K",,"T",,"M",19.3,17.7,86.8,100.9,-0.99,,,,,,,,,,,,,,,,,,,,,
123440.0000,6325.8,"N",1023.52,"E",1,9,23.9,"M",0.73,"N",1.3,"K",,"T",,"M",19.2,17.4,86.8,100.9,-0.99,,,,,,,,,,,,,,,,,,,,,
123441.0000,6325.8,"N",1023.53,"E",1,9,24.8,"M",1.16,"N","2.1123442.000",0,0,0.8,25,"01 19.1",19.1,17.5,86.8,100.9,-1.11,,,,,,,,,,,,,,,,,,,,,
123443.0000,6325.8,"N",1023.53,"E",1,9,23.5,"M",,"N",1.3,"K",,"T",,"M",19.2,17.5,86.8,100.9,-1.22,,,,,,,,,,,,,,,,,,,,,
123444.0000,6325.8,"N",1023.53,"E",1,9,23.2,"M",,"N",1.3,"K",,"T",,"M",19.4,17.5,86.8,100.9,-0.99,,,,,,,,,,,,,,,,,,,,,
123445.0000,6325.8,"N",1023.53,"E",1,9,23.5,"M",0.99,"N",1.8,"K",,"T",,"M",19.4,17.8,86.8,100.9,-0.99,,,,,,,,,,,,,,,,,,,,,
123446.0000,6325.8,"N",1023.53,"E",1,9,23.1,"M",,"N",1.8,"K",,"T",,"M",19.5,17.8,86.8,100.9,-1.11,,,,,,,,,,,,,,,,,,,,,
123447.0000,6325.8,"N",1023.53,"E",1,9,20.9,"M",1.86,"N",3.5,"K",,"T",,"M",19.5,17.8,86.8,100.9,-1,,,,,,,,,,,,,,,,,,,,,
123448.0000,6325.8,"N",1023.54,"E",1,9,20.3,"M",1.21,"N",2.2,"K",,"T",,"M",19.2,17.8,86.8,100.9,-0.99,,,,,,,,,,,,,,,,,,,,,
123450.0000,6325.8,"N",1023.54,"E",1,8,19.5,"M",,"N123450.000",23450,6325.8,25.8,7,"N",03/19/02,19.2,17.8,86.8,100123451,6325.8,"N",1023.54,"E",1,8,16.9,"M",,"N",0.9,"K",,"T",,"M",19.2,17.8,86.8,100.9,-1,
123452123452.0000,2,0.79,949,0.54,379,9,,,,,,,,,"2.23T",,19.1,17.8,86.8,100.9,-1,,,,,,,,,,,,,,,,,,,,,
123453.0000,6325.79,"N",1023.54,"E",1,8,12.1,"M",0.8,"N",1.5,"K",,"T",,"M",19,17.8,86.8,100.9,-1,,,,,,,,,,,,,,,,,,,,,
123454.0000,6325.79,"N",1023.54,"E",1,7,8.21,"M",0.7,"N",1.3,"K",,"T",,"M",18.9,17.8,86.8,100.9,-0.88,,,,,,,,,,,,,,,,,,,,,
123457.0000,6325.79,"N",1023.54,"E",1,7,-1.7,"M",,"N",1.8,"K",,"T",,"M",18.7,17.8,86.8,100.9,-1,,,,,,,,,,,,,,,,,,,,,
123458.0000,6325.79,"N",1023.54,"E",1,7,-1.8,"M",,"N",2.7,"K",,"T",,"M",18.7,17.8,86.8,100.9,-1,,,,,,,,,,,,,,,,,,,,,
123459.0000,6325.79,"N",1023.54,"E",1,7,-1.8,"M",,"N",3.4,9,0,25.79,0.79,"N",18.7,17.8,86.8,100.9,-1,,,,,,,,,,,,,,,,,,,,,
123500.0000,6325.79,"N",1023.54,"E",1,6,-0.1,"M",0.9,"N",1.7,"K",,"T",,"M",18.7,17.8,86.8,100.9,-1,,,,,,,,,,,,,,,,,,,,,
123501.0000,6325.79,"N",1023.54,"E",1,7,0.81,"M",,"N",1.7,"K",,"T",,"M",18.7,17.8,86.8,101,-1,,,,,,,,,,,,,,,,,,,,,
123502.0000,6325.79,"N",1023.54,"E",1,7,0.01,"M",1.21,"N",2.2,"K",,"T",,"M",18.7,17.8,86.8,101,-1,,,,,,,,,,,,,,,,,,,,,
123503.0000,6325.79,"N",1023.54,"E",1,7,-0.4,"M",0.26,"N",0.5,"K",,"T",,"04 18.7",18.7,17.8,86.8,101,-0.99,,,,,,,,,,,,,,,,,,,,,
123505.0000,6325.79,"N",1023.54,"E",1,6,0.74,"M",,"N",0.7,"K",,"T",,"M",18.7,17.8,86.8,100.9,-0.99,,,,,,,,,,,,,,,,,,,,,
123506.0000,6325.79,"N",1023.54,"E",1,6,2.24,"M",,"N",0.5,"K",,"T",,"M",18.7,17.8,86.8,100.9,-1,,,,,,,,,,,,,,,,,,,,,
123507.0000,6325.79,"N",1023.54,"E",1,7,4.54,"M",0.4,"N",0.7,"K",,"T",,"M",18.7,17.8,86.8,100.9,-1.11,,,,,,,,,,,,,,,,,,,,,
123508.0000,6325.79,"N",1023.54,"E",1,7,6.84,"M",0.94,"N",1.7,"K",,"T",,"M",18.7,17.8,86.8,100.9,-1,,,,,,,,,,,,,,,,,,,,,
123509.0000,6325.79,"N",1023.54,"E",1,7,7.74,"M",0.24,"N",0.4,"K",,"T",,"M",18.7,17.8,86.8,101,-1,,,,,,,,,,,,,,,,,,,,,
123510.0000,6325.79,"N",1023.54,"E",1,7,11,"M",0.59,"N",1.1,"K",,"T",,"M",18.7,17.8,86.8,101,-1,,,,,,,,,,,,,,,,,,,,,
123512.0000,6325.79,"N",1023.54,"E",1,6,11,"M",,"N",3,"K",,"T",,"M",18.7,17.8,86.8,101,-1,,,,,,,,,,,,,,,,,,,,,
123514.0000,6325.79,"N",1023.54,"E",1,5,8.3,"M",0.1,"N",0.2,"K",,"T",,"M",18.7,17.8,86.8,100.9,-1,,,,,,,,,,,,,,,,,,,,,
123516.0000,6325.78,"N",1023.54,"E",1,7,2.5,"M",,"N",1.3,"K",,"T",,"M",18.7,18.1,86.8,101,-1,,,,,,,,,,,,,,,,,,,,,
123517.0000,6325.78,"N",1023.54,"E",1,7,0.3,"M",0.49,"N",0.9,"K",,"T",,"M",18.7,17.9,86.8,101,-0.99,,,,,,,,,,,,,,,,,,,,,
123522.0000,6325.78,"N",1023.54,"E",1,7,-6.9,"M",1.06,"N",2,"K",,"T",,"M",18.7,18.2,86.8,100.9,-0.99,,,,,,,,,,,,,,,,,,,,,
123523.0000,6325.78,"N",1023.54,"E",1,7,-5.9,"M",0.71,"N",1.3,"K",,"T",,"M",18.7,18,86.8,101,-0.99,,,,,,,,,,,,,,,,,,,,,
123524.0000,6325.78,"N",1023.54,"E",1,7,-6.3,"M",0.12,"N",0.2,"K",,"T",,"M",18.7,17.9,86.8,101,-1,,,,,,,,,,,,,,,,,,,,,
123528.0000,6325.78,"N",1023.54,"E",1,7,-2.9,"M",,"N",0.9,"K",,"T",,"M",18.7,17.8,86.8,100.9,-1,,,,,,,,,,,,,,,,,,,,,
123529.0000,6325.78,"N",1023.54,"E",1,7,-2.5,"M",0.24,"N",0.4,"K",,"T",,"M",18.7,17.8,88.6,101,-0.99,,,,,,,,,,,,,,,,,,,,,
123530.0000,6325.78,"N",1023.54,"E",1,8,-1.8,"M",0.26,"N",0.5,"K",,"T",,"M",18.7,17.9,86.8,101,-1,,,,,,,,,,,,,,,,,,,,,
123531.0000,6325.78,"N",1023.54,"E",1,6,1.18,"M",,"N",0.5,"K",,"T",,"M",18.7,18.6,86.8,100.9,-1,,,,,,,,,,,,,,,,,,,,,
123532.0000,6325.78,"N",1023.54,"E",1,7,2.58,"M",0.8,"N",1.5,"K",,"T",,"M",18.7,18.6,86.8,100.9,-0.88,,,,,,,,,,,,,,,,,,,,,
123534.0000,6325.79,"N",1023.54,"E",1,7,4.48,"M",,"N",1.2,"K",,"T",,"M",18.7,18.6,88,101,-1,,,,,,,,,,,,,,,,,,,,,
123535.0000,6325.79,"N",1023.54,"E",1,7,5.88,"M",,"N",1.6,"K",,"T",,"M",18.7,18.6,89.2,101,-1.22,,,,,,,,,,,,,,,,,,,,,
123536.0000,6325.79,"N",1023.54,"E",1,9,6.78,"M",,"N",0.9,"K",,"T",,"M",18.7,17.8,88.9,100.9,-1,,,,,,,,,,,,,,,,,,,,,
123537.0000,6325.79,"N",1023.54,"E",1,9,8.28,"M",0.45,"N",0.8,"K",,"T",,"M",18.7,17.8,88.3,100.9,-1,,,,,,,,,,,,,,,,,,,,,
123538.0000,6325.79,"N",1023.54,"E",1,9,9.68,"M",0.74,"N",1.4,"K",,"T",,"M",18.7,17.8,88,100.9,-1,,,,,,,,,,,,,,,,,,,,,
123539.0000,6325.79,"N",1023.54,"E",1,9,10.9,"M",0.43,"N",0.8,"K",,"T",,"M",18.7,17.8,87.7,100.9,-1.11,,,,,,,,,,,,,,,,,,,,,
123540.0000,6325.79,"N",1023.54,"E",1,9,12.1,"M",0.6,"N",1.1,"K",,"T",,"M",18.7,17.1,88,101,-0.88,,,,,,,,,,,,,,,,,,,,,
123542.0000,6325.79,"N",1023.54,"E",1,9,15.3,"M",,"N",3.5,"K",,"T",,"M",18.7,17.1,88.6,100.9,-1.11,,,,,,,,,,,,,,,,,,,,,
123543.0000,6325.8,"N",1023.54,"E",1,8,16.1,"M",,"N",4.4,"K",,"T",,"M",18.7,17.1,89.2,100.9,-1.22,,,,,,,,,,,,,,,,,,,,,
123544.0000,6325.8,"N",1023.53,"E",1,8,17.1,"M",2.45,"N",4.5,"K",,"T",,"M",18.7,17.1,88.9,101,-0.88,,,,,,,,,,,,,,,,,,,,,
123545.0000,6325.8,"N",1023.53,"E",1,8,17.8,"M",3.65,"N",6.8,"K",,"T",,"M",18.7,17.1,88.9,101,-1.11,,,,,,,,,,,,,,,,,,,,,
123546.0000,6325.8,"N",1023.53,"E",1,8,18.6,"M",,"N",6.8,"K",,"T",,"M",18.7,17.1,88.6,100.9,-1,,,,,,,,,,,,,,,,,,,,,
123547.0000,6325.8,"N",1023.53,"E",1,8,18.9,"M",2.64,"N",4.9,"K",,"T",,"M",18.7,17.1,88.6,100.9,-0.88,,,,,,,,,,,,,,,,,,,,,
123550.0000,6325.8,"N",1023.52,"E",1,8,19.6,"M",,"N",5.3,"K",,"T",,"M",18.7,17.1,87.4,101,-1.11,,,,,,,,,,,,,,,,,,,,,
123551.0000,6325.8,"N",1023.52,"E",1,8,19.2,"M",,"N",5.6,"K",,"T",,"M",18.7,17.1,87.1,100.9,-1.33,,,,,,,,,,,,,,,,,,,,,
123552.0000,6325.8,"N",1023.52,"E",1,8,19.7,"M",2.76,"N",5.1,"K",,"T",,"M",18.7,17.1,86.8,100.9,-1.22,,,,,,,,,,,,,,,,,,,,,
123554.0000,6325.8,"N",1023.52,"E",1,8,20.1,"M",2.82,"N",5.2,"K",,"T",,"M",18.7,17.1,86.8,100.9,-0.77,,,,,,,,,,,,,,,,,,,,,
123555.0000,6325.8,"N",1023.51,"E",1,8,19.2,"M",2.52,"N",4.7,"K",,"T",,"M",18.7,17.1,86.8,100.9,-0.77,,,,,,,,,,,,,,,,,,,,,
123558.0000,6325.8,"N",1023.51,"E",1,8,18.4,"M",,23558,558,25.8,0.8,"N","01023.50 18.7","50 18.7",18.7,17.1,86.8,100.9,-1,,,,,,,,,,,,,,,,,,,,,
123559.0000,6325.8,"N",1023.51,"E",1,8,18.6,"M",2.46,"N",4.6,"K",,"T",,"M",18.7,17.1,86.8,100.9,-1.22,,,,,,,,,,,,,,,,,,,,,
123600.0000,6325.8,"N",1023.51,"E",1,8,18.7,"M",2.69,"N",5,"K",,"T",,"M",18.7,17.1,86.8,100.9,-1,,,,,,,,,,,,,,,,,,,,,
123601.0000,6325.8,"N",1023.5,"E",1,8,18.7,"M",,"N123601.000",23601,6325.8,25.8,1,"N",03/18/07,18.7,17.1,86.8,100.9,-1,,,,,,,,,,,,,,,,,,,,,
123602.0000,6325.8,"N",1023.5,"E",1,7,19,"M",2.38,"N",4.4,"K",,"T",,"M",18.7,17.1,86.8,100.9,-1.11,,,,,,,,,,,,,,,,,,,,,
123605.0000,6325.8,"N",1023.5,"E",1,8,18.3,"M",,"N",3.8,"K",,"T",,"M",18.8,17.1,86.8,100.9,-1,,,,,,,,,,,,,,,,,,,,,
123606.0000,6325.8,"N",1023.5,"E",1,8,18.6,"M",,"N",2.8,"K",,"T",,"M",18.7,17.1,86.8,100.9,-0.99,,,,,,,,,,,,,,,,,,,,,
123607.0000,6325.8,"N",1023.5,"E",1,8,18.5,"M",2.42,"N",4.5,"K",,"T",,"M",19.2,17.1,86.8,100.9,-0.88,,,,,,,,,,,,,,,,,,,,,
123608.0000,6325.8,"N",1023.5,"E",1,8,18.2,"M",2.31,"N",4.3,"K",,"T",,"M",19.5,17.1,86.8,100.8,-1.11,,,,,,,,,,,,,,,,,,,,,
123609.0000,6325.8,"N",1023.5,"E",1,8,18.5,"M",2.35,"N",4.4,"K",,"T",,"M",19.5,17.1,86.8,100.9,-1,,,,,,,,,,,,,,,,,,,,,
123610.0000,6325.8,"N",1023.5,"E",1,8,18.3,"M",1.2,"N","2.2123611.000",0,0,0.8,17,"01 19.5",19.5,17.1,86.8,100.9,-1,,,,,,,,,,,,,,,,,,,,,
123612.0000,6325.8,"N",1023.5,"E",123612,3612,2,8027,27,0.5,47,,1.4,,,"99 19.5",19.5,17.1,86.8,100.9,-1.11,,,,,,,,,,,,,,,,,,,,,
123613.0000,6325.8,"N",1023.51,"E",1,8,22.9,"M",,"N",4.1,"K",,"T",,"M",19.5,17.1,86.8,100.9,-1,,,,,,,,,,,,,,,,,,,,,
123619.0000,6325.8,"N",1023.51,"E",1,8,23.9,"M",,"N",1.3,"K",,"T",,"M",19.5,17.1,86.8,100.9,-1.11,,,,,,,,,,,,,,,,,,,,,
123620.0000,6325.8,"N",1023.51,"E",1,8,23.5,"M",,"N",2.7,"K",,"T",,"M",19.5,17.1,87.1,100.9,-1,,,,,,,,,,,,,,,,,,,,,
123621.0000,6325.8,"N",1023.51,"E",1,8,23.5,"M",,"N",2.6,"K",,"T",,"M",19.2,17.1,87.1,101,-1.11,,,,,,,,,,,,,,,,,,,,,
123622.0000,6325.8,"N",1023.51,"E",1,8,23.4,"M",2.33,"N",4.3,"K",,"T",,"M",19.4,17.1,87.1,100.9,-1,,,,,,,,,,,,,,,,,,,,,
123624.0000,6325.8,"N",1023.5,"E",1,8,25,"M",2.55,"N",4.7,"K",,"T",,"M",19.4,17.1,87.7,100.9,-1,,,,,,,,,,,,,,,,,,,,,
"123625.000123626.000",23626,6325.8,25.8,1023.5,23.5,0.5,2,5.7,7,,73,5.1,1,,"K","80 19.3",19.3,17.1,87.7,100.9,-1.22,,,,,,,,,,,,,,,,,,,,,
123627.0000,6325.8,"N",1023.5,"E",1,8,27,"M",,"N",4.5,"K",,"T",,"M",19.4,17.1,87.4,100.9,-1,,,,,,,,,,,,,,,,,,,,,
123629.0000,6325.8,"N",1023.49,"E",1,7,28,"M",2.64,"N",4.9,"K",,"T",,"M",19.5,17.1,87.1,100.9,-0.88,,,,,,,,,,,,,,,,,,,,,
123630.0000,6325.8,"N",1023.49,"E",1,7,28.2,"M",2.46,"N",4.6,"K",,"T",,"M",19.5,17.1,88,100.9,-1,,,,,,,,,,,,,,,,,,,,,
123631.0000,6325.8,"N",1023.49,"E",1,8,27.6,"M",,"N",4.6,"K",,"T",,"M",19.5,17.1,88,100.9,-1.11,,,,,,,,,,,,,,,,,,,,,
123632.0000,6325.8,"N",1023.49,"E",1,8,27,"M",2.06,"N",3.8,"K",,"T",,"M",19.5,17.1,87.7,100.9,-1.22,,,,,,,,,,,,,,,,,,,,,
123635.0000,6325.8,"N",1023.49,"E",1,8,26.2,"M",,"N",4,"K",,"T",,"M",19.5,17.1,88.3,100.9,-1.22,,,,,,,,,,,,,,,,,,,,,
123636.0000,6325.8,"N",1023.49,"E",1,7,25.9,"M",,"N",3.9,"K",,"T",,"M",19.5,17.1,89.2,100.9,-1.22,,,,,,,,,,,,,,,,,,,,,
123637.0000,6325.8,"N",1023.49,"E",1,7,24.7,"M",1.95,"N",3.6,"K",,"T",,"M",19.5,17.1,89.2,100.9,-1.33,,,,,,,,,,,,,,,,,,,,,
123638.0000,6325.8,"N",1023.48,"E",1,7,23.1,"M",1.78,"N",3.3,"K",,"T",,"M",19.4,17.1,88.9,100.9,-1.22,,,,,,,,,,,,,,,,,,,,,
123639.0000,6325.8,"N",1023.48,"E",1,7,21,"M",2.4,"N",4.4,"K",,"T",,"M",18.8,17.1,89.2,100.9,-1.22,,,,,,,,,,,,,,,,,,,,,
123641.0000,6325.8,"N",1023.48,"E",1,7,20.1,"M",,"N",4.4,"K",,"T",,"M",18.8,17.1,89.2,100.9,-1.11,,,,,,,,,,,,,,,,,,,,,
123642.0000,6325.8,"N",1023.48,"E",1,7,19.5,"M",,"N",4.1,"K",,"T",,"M",18.9,17.1,89.2,100.9,-1.22,,,,,,,,,,,,,,,,,,,,,
123644.0000,6325.8,"N",1023.48,"E",1,8,18.7,"M",2.43,"N",4.5,"K",,"T",,"M",18.7,17.1,89.2,100.9,-0.99,,,,,,,,,,,,,,,,,,,,,
123645.0000,6325.8,"N",1023.47,"E",1,8,17.7,"M",2.2,"N",4.1,"K",,"T",,"M",18.7,17.1,89.2,100.9,-0.66,,,,,,,,,,,,,,,,,,,,,
123647.0000,6325.8,"N",1023.47,"E",1,8,16.1,"M",2.21,"N",4.1,"K",,"T",,"M",18.7,17.1,89.2,100.9,-1.33,,,,,,,,,,,,,,,,,,,,,
123649.0000,6325.8,"N",1023.47,"E",1,8,15.4,"M",,"N",123649,,325.8,98,,"23 18.7",18.7,17.1,89.2,100.9,-1.22,,,,,,,,,,,,,,,,,,,,,
123651.0000,6325.8,"N",1023.47,"E",1,8,14.6,"M",,"N",5.4,"K",,"T",,"65 18.7",18.7,17.1,89.2,101,-1.11,,,,,,,,,,,,,,,,,,,,,
123652.0000,6325.8,"N",1023.46,"E",1,8,14.4,"M",2.35,"N",4.4,"K",,"T",,"M",18.7,17.1,89.2,100.9,-1.11,,,,,,,,,,,,,,,,,,,,,
123653.0000,6325.8,"N",1023.46,"E",1,9,14.3,"M",2.6,"N",4.8,"K",,"T",,"M",18.7,17.1,89.2,100.9,-0.99,,,,,,,,,,,,,,,,,,,,,
123654.0000,6325.8,"N",1023.46,"E",1,9,14.1,"M",2.54,"N",4.7,"K",,"T",,"M",18.7,16.8,89.2,100.9,-0.66,,,,,,,,,,,,,,,,,,,,,
123656.0000,6325.8,"N",1023.46,"E",1,9,13.8,"M",,"N",4.3,"K",,"T",,"M",18.7,16.4,89.2,101,-0.88,,,,,,,,,,,,,,,,,,,,,
123700.0000,6325.8,"N",1023.45,"E",1,7,13.7,"M",2.39,"N",4.4,"K",,"T",,"M",18.7,16.4,89.2,100.9,-1.11,,,,,,,,,,,,,,,,,,,,,
123702.0000,6325.8,"N",1023.45,"E",1,7,13.9,"M",2.46,"N",4.6,"K",,3703,3,,18.7,16.4,89.2,100.9,-1.33,,,,,,,,,,,,,,,,,,,,,
123705.0000,6325.8,"N","01023.4123705.000",5,0,0,6325.8,,1023.44,"E",1,,,,77,,18.7,16.2,89.2,100.9,-1.22,,,,,,,,,,,,,,,,,,,,,
123713.0000,6325.8,"N",1023.44,"E",1,8123713,23713,325.8,5.8,1023.44,23.44,1,8,2,,"M",18.7,16.4,90.1,100.9,-0.99,,,,,,,,,,,,,,,,,,,,,
123714.0000,6325.8,"N",1023.44,"E",1,8,13.2,"M",0.92,"N",1.7,"K",,"T",,"M",18.7,16.4,89.5,100.9,"-01.00123715.000",6325.8,"N",1023.44,"E",1,8,12.7,"M",1.89,"N",3.5,"K",,"T",,"M",18.7,16.4,89.5,100.9,-1
123716.0000,6325.8,"N",1023.44,"E",1,8,12.6,16,0,8000,0,0.44,389,1,8,6,18.7,16.4,89.5,100.9,-0.99,,,,,,,,,,,,,,,,,,,,,
123717.0000,6325.8,"N",1023.44,"E",1,8,12.5,"M","1.72123718.000",0,0,4,,23.44,0.44,"E",18.7,16.4,90.1,100.9,-1.11,,,,,,,,,,,,,,,,,,,,,
123719.0000,6325.8,"N",1023.44,"E",1,8,12.6,"M",,"N",3.2,"K",,"T",,"M",18.7,16.4,90.1,100.9,-1.33,,,,,,,,,,,,,,,,,,,,,
"123720.00123720.000",3720,325.8,5.8,23.44,3.44,4432,2,0.6,,0.89,9,0.5,,,,"4T 18.7",18.7,16.6,91.5,100.9,-1.33,,,,,,,,,,,,,,,,,,,,,
"123721.00123721.000",3721,325.8,5.8,23.44,3.44,4442,2,0.7,,0.63,3,0,,,,"4T 18.7",18.7,16.8,90.9,101,-1.11,,,,,,,,,,,,,,,,,,,,,
123723.0000,6325.8,"N",1023.45,"E",1,8,12.3,"M",1.43,"N",2.6,"K",,"T",,"M",18.6,16.4,91.5,100.9,-0.88,,,,,,,,,,,,,,,,,,,,,
123724.0000,6325.8,"N",1023.45,"E",1,8,12.5,"M",1.61,"N",3,"K",,"T",,"M",18.6,16.4,90.4,100.9,-1.11,,,,,,,,,,,,,,,,,,,,,
123726.0000,6325.8,"N",1023.45,"E",1,8,12.8,"M",,"N",2.4,"K",,"T",,"M",18.2,16.4,90.7,100.9,-1,,,,,,,,,,,,,,,,,,,,,
123727.0000,6325.8,"N",1023.45,"E",1,8,12.7,"M",,"N",2.4,"K",,"T",,"M",18,16.4,90.9,100.9,-1,,,,,,,,,,,,,,,,,,,,,
123730.0000,6325.8,"N",1023.45,"E",1,8,12.8,"M",0.14,"N",0.3,"K",,"T",,"M",17.9,16.4,91.5,100,-1.33,,,,,,,,,,,,,,,,,,,,,
"123731.0123731.000",731,25.8,0.8,23.45,0.45,511,,5,,51,,9,,"K",,"T",17.8,16.4,91.5,100.9,-1.33,,,,,,,,,,,,,,,,,,,,,
123732.0000,6325.8,"N",1023.45,"E",1,123733,3733,25.8,0.8,23.45,3.45,,9,,,,17.8,16.4,90.9,100.9,-1.44,,,,,,,,,,,,,,,,,,,,,
123734.0000,6325.8,"N",1023.45,"E",1,9,15,"M",,"N",0.5,"K",,"T",,"M",17.8,16.4,91.2,100.9,-0.99,,,,,,,,,,,,,,,,,,,,,
123735.0000,6325.8,"N",1023.45,"E",1,9,14.8,"M",,"N",0,"K",,"T",,"M",17.8,16.4,91.2,100.8,-0.88,,,,,,,,,,,,,,,,,,,,,
123123736.0000,0,92,,19,,,9,,,,,,,".41T","1T",,17.8,16.4,91.5,100.9,-0.99,,,,,,,,,,,,,,,,,,,,,
123738.0000,6325.8,"N",1023.45,"E",1,9,13.1,"M",1.05,"N",1.9,"K",,"T",,"M",17.8,16.4,91.5,100.9,-1,,,,,,,,,,,,,,,,,,,,,
123739.0000,6325.8,"N",1023.45,"E",1,9,12.6,"M",0.23,"N",0.4,"K",,"T",,"M",17.8,16.4,91.2,100.8,-1,,,,,,,,,,,,,,,,,,,,,
123741.0000,6325.8,"N",1023.45,"E",1,8,12.9,"M",,"N",0.4,"K",,"T",,"M",17.8,16.4,91.2,100.9,-1,,,,,,,,,,,,,,,,,,,,,
123742.0000,6325.8,"N",1023.45,"E",1,8,13.1,"M",,"N",0.6,"K",,"T",,"M",17.8,16.4,90.7,100.9,-1,,,,,,,,,,,,,,,,,,,,,
123743.0000,6325.8,"N",1023.45,"E",1,8,13,"M",1.41,"N",2.6,"K",,"T",,"M",17.8,16.4,91.5,101,-0.99,,,,,,,,,,,,,,,,,,,,,
123745.0000,6325.8,"N",1023.45,"E",1,8,13.4,"M",2,"N",3.7,"K",,"T",,"M",17.8,16.4,89.2,100.9,-0.88,,,,,,,,,,,,,,,,,,,,,
123746.0000,6325.8,"N",1023.45,"E",1,8,13.6,"M",2.05,"N",3.8,"K",,"T",,"M",17.8,16.4,91.2,101,-0.88,,,,,,,,,,,,,,,,,,,,,
123750.0000,6325.8,"N",1023.44,"E",1,8,14.5,"M",,"N",5.3,"K",,"T",,"M",17.8,16.4,90.9,100.9,-1,,,,,,,,,,,,,,,,,,,,,
123751.0000,6325.8,"N",1023.44,"E",1,8,14.5,"M",,"N",5.7,"K",,"T",,"M",17.8,16.4,91.2,100.9,-0.99,,,,,,,,,,,,,,,,,,,,,
123752.0000,6325.8,"N",1023.44,"E",1,8,14.6,"M",1.56,"N",2.9,"K",,"T",,"M",17.8,17.1,89.8,100.9,-0.99,,,,,,,,,,,,,,,,,,,,,
123753.0000,,"N",0,"E",0,0,,"M",,"N",,"K",,"T",,"M",17.8,17.1,91.5,100.8,-1,,,,,,,,,,,,,,,,,,,,,
123754.0000,6325.8,"N",1023.44,"E",1,7,15,"M",1.23,"N",2.3,"K",,"T",,"M",17.8,17.1,91.5,100.9,-0.88,,,,,,,,,,,,,,,,,,,,,
123756.0000,6325.8,"N",1023.43,"E",1,9,15,"M",,"N",2,"K",,"T",,"37 17.9",17.9,17.8,90.9,100.9,-1,,,,,,,,,,,,,,,,,,,,,
123757.0000,6325.8,"N",1023.43,"E",1,9,14.3,"M",,"N",1.3,"K",,"T",,"M",18.7,17.8,90.7,100.9,-0.88,,,,,,,,,,,,,,,,,,,,,
123758.0000,6325.8,"N",1023.43,"E",1,9,14,"M",1.09,"N",2,"K",,"T",,"M",18.7,17.8,89.5,100.8,-1,,,,,,,,,,,,,,,,,,,,,
123759.0000,6325.8,"N",1023.43,"E",1,9,13.7,"M",1.75,"N",3.2,"K",,"T",,"M",18.7,17.8,89.5,100.8,-1,,,,,,,,,,,,,,,,,,,,,
123800.0000,6325.8,"N",1023.43,"E",1,9,13.7,"M",1.87,"N",3.5,"K",,"T",,"M",18.7,17.8,89.2,100.9,-0.99,,,,,,,,,,,,,,,,,,,,,
123801.0000,6325.8,"N",1023.43,"E",1,9,13.7,"M",2,"N",3.7,"K",,"T",,"M",18.7,17.8,89.2,100.9,-1,,,,,,,,,,,,,,,,,,,,,
123803.0000,6325.8,"N",1023.43,"E",1,9,13.8,"M",,"N",2.8,"K",,"T",,"M",18.7,17.8,89.2,100.9,-1,,,,,,,,,,,,,,,,,,,,,
123805.0000,6325.8,"N",1023.43,"E",1,9,12.9,"M",,"N",3.3,"K",,"T",,"M",19.5,17.1,89.2,100.8,-1,,,,,,,,,,,,,,,,,,,,,
123806.0000,6325.8,"N",1023.43,"E",1,9,13.3,"M",,"N",3,"K",,"T",,"M",19.5,17.1,89.2,100.9,-0.88,,,,,,,,,,,,,,,,,,,,,
123807.0000,6325.8,"N",1023.42,"E",1,9,13.7,"M",1.96,"N",3.6,"K",,"T",,"M",19.5,17.1,89.2,100.9,-1.11,,,,,,,,,,,,,,,,,,,,,
123808.0000,6325.8,"N",1023.42,"E",1,9,13.7,"M",1.98,"N",3.7,"K",,"T",,"M",19.5,17.1,89.2,100.9,-1,,,,,,,,,,,,,,,,,,,,,
123809.0000,6325.8,"N",1023.42,"E",1,9,14.4,"M",1.78,"N",3.3,"K",,"T",,"M",19.5,17.1,89.2,101.4,-1.22,,,,,,,,,,,,,,,,,,,,,
123811.0000,6325.8,"N",1023.42,"E",1,9,14.7,"M",,1,0,20,0,23.42,3.42,,19.5,17.1,89.2,100.8,-1.22,,,,,,,,,,,,,,,,,,,,,
123812.0000,6325.8,"N",1023.42,"E",1,9,15,"M",,"N",3.4,"K",,"T",,"M",19.5,17.1,89.2,100.9,-0.88,,,,,,,,,,,,,,,,,,,,,
123813.0000,6325.8,"N",1023.42,"E",1,9,15.6,"M",1.62,"N",3,"K",,"T",,"M",19.5,17.1,89.2,100.9,-0.99,,,,,,,,,,,,,,,,,,,,,
123814.0000,6325.8,"N",1023.42,"E",1,9,15.8,"M",2.2,"N",4.1,"K",,"T",,"M",19.5,17.1,89.2,100.9,-1,,,,,,,,,,,,,,,,,,,,,
123815.0000,6325.8,"N",1023.41,"E",1,9,15.7,"M",1.94,"N",3.6,"K",,"T",,"M",19.5,17.1,89.2,100.9,-1.11,,,,,,,,,,,,,,,,,,,,,
123816.0000,6325.8,"N",1023.41,"E",1,9,15.8,"M",2.01,"N",3.7,"K",,"T",,"M",19.5,17.8,89.2,100.9,-1.22,,,,,,,,,,,,,,,,,,,,,
123819.0000,6325.8,"N",1023.41,"E",1,8,15.9,"M",,"N",3.9,"K",,"T",,"M",20.4,17.8,89.2,100.8,-1.22,,,,,,,,,,,,,,,,,,,,,
123822.0000,6325.8,"N",1023.41,"E",1,8,16.7,"M",1.79,"N",3.3,"K",,"T",,"M",20.4,17.8,89.2,100.8,-1,,,,,,,,,,,,,,,,,,,,,
123826.0000,6325.8,"N",10123826,0,,325.8,0.8,23.4,0.4,8,,,"M",,,03/20/04,20.4,18,89.2,100.8,-1,,,,,,,,,,,,,,,,,,,,,
123827.0000,6325.8,"N",1023.4,"E",1,8,18.6,"M",,"N",3.7,"K",,"T",,"M",20.4,18.5,89.2,100.9,-1.11,,,,,,,,,,,,,,,,,,,,,
123828.0000,6325.8,"N",1023.4,"E",1,8,18.9,"M",2,"N",3.7,"K",,"T",,"M",20.6,18.6,89.2,100.9,-0.88,,,,,,,,,,,,,,,,,,,,,
123829.0000,6325.8,"N",1023.4,"E",1,8,19.1,"M",2.02,"N",3.7,"K",,"T",,"M",20.6,18.6,89.2,100.9,-1,,,,,,,,,,,,,,,,,,,,,
123830.0000,6325.8,"N",1023.39,"E",1,8,19.3,"M",1.79,"N",3.3,"K",,"T",,"M",21.3,18.6,89.2,100.9,-1,,,,,,,,,,,,,,,,,,,,,
123831.0000,6325.8,"N",1023.39,"E",1,9,19.4,"M",1.64,"N",3,"K",,"T",,"M",21.3,18.6,88.9,100.9,-0.99,,,,,,,,,,,,,,,,,,,,,
123838.0000,6325.8,"N",1023.39,"E",1,9,19.5,"M",1.77,"N",3.3,"K",,"T",,"M",21.4,19.4,86.8,100.8,-1.11,,,,,,,,,,,,,,,,,,,,,
123839.0000,6325.8,"N",1023.39,"E",1,10,19.4,"M","1.123840.000",0,,,,0.38,843,1,21.4,19.4,86.8,100.9,-0.99,,,,,,,,,,,,,,,,,,,,,
123841.0000,6325.8,"N",1023.38,"E",1,8,19.4,"M",,"N",1.1,"K",,"T",,"M",21.4,19.4,86.8,100.9,-0.88,,,,,,,,,,,,,,,,,,,,,
123842.0000,"6325.8040123842.000",23842,842,5.8,8040,40,"N",9,"E",3,,32,,"N",0.6,,21.4,19.4,86.8,100.8,-1,,,,,,,,,,,,,,,,,,,,,
123843.0000,6325.8,"N",1023.38,"E",1,8,19.1,"M",1.54,"N",2.9,"K",,"T",,"M",21.9,19.4,86.8,100.8,-1.11,,,,,,,,,,,,,,,,,,,,,
123844.0000,6325.8,"N",1023.38,"E",1,9,19.1,"M",1.93,"N",3.6,"K",,"T",,"M",21.5,19.4,86.8,100.8,-0.88,,,,,,,,,,,,,,,,,,,,,
123845.0000,6325.8,"N",1023.38,"E",1,9,19.1,"M",2.12,"N",3.9,"K",,"T",,"M",21.4,19.5,86.8,100.9,-0.77,,,,,,,,,,,,,,,,,,,,,
123846.0000,6325.8,"N",1023.38,"E",1,9,19.1,"M",2.2,"N",4.1,"K",,"T",,"M",21.4,20.1,86.8,100.9,-0.88,,,,,,,,,,,,,,,,,,,,,
1123850.0000,,,,,,,,,,,,,,"8T",,,21.4,20.2,89.2,100.9,-1,,,,,,,,,,,,,,,,,,,,,
123851.0000,6325.81,"N",1023.38,"E",1,8,18.7,"M",,"N",1.1,"K",,"T",,"M",21.4,20.2,87.4,100.9,-0.88,,,,,,,,,,,,,,,,,,,,,
123852.0000,6325.81,"N",1023.38,"E",1,8,18.8,"M",2.1,"N",3.9,"K",,"T",,"M",22.4,20.2,86.8,100.7,-1,,,,,,,,,,,,,,,,,,,,,
123853.0000,6325.81,"N",1023.37,"E",1,9,18.9,"M",1.84,"N",3.4,"K",,"T",,"M",22.1,20.2,86.8,100.8,-1,,,,,,,,,,,,,,,,,,,,,
123855.0000,6325.81,"N",1023.37,"E",1,9,18.6,"M",,"N",2.2,"K",,"T",,"M",22.4,20.2,86.8,100.8,-0.88,,,,,,,,,,,,,,,,,,,,,
123856.0000,6325.81,"N",1023.37,"E",1,9,18.7,"M",,"N",2.7,"K",,"T",,"M",22.4,20.7,86.8,100.9,-0.99,,,,,,,,,,,,,,,,,,,,,
123857.0000,6325.8,"N",1023.37,"E123857.000",23857,857,0,49,9,3705,5,18.7,0.7,,,7,22.4,21,86.8,100.8,-1,,,,,,,,,,,,,,,,,,,,,
123858.0000,6325.8,"N",1023.37,"E",1,10,18.8,"M",2.09,"N",3.9,"K",,"T",,"M",22.5,21,86.8,100.8,-1.11,,,,,,,,,,,,,,,,,,,,,
123859.0000,6325.8,"N",1023.37,"E",1,10,18.9,"M",1.98,"N",3.7,"K",,"T",,"M",23.2,21,86.8,100.8,-1.11,,,,,,,,,,,,,,,,,,,,,
123900.0000,6325.8,"N",1023.37,"E",1,9,18.9,"M",1.84,"N",3.4,"K",,"T",,"M",23.2,21,86.8,100.8,-1.22,,,,,,,,,,,,,,,,,,,,,
123901.0000,6325.8,"N",1023.37,"E",1,9,18.9,"M",2.06,"N",3.8,"K",,"T",,"M",23.4,21,86.8,100.8,-1,,,,,,,,,,,,,,,,,,,,,
123903.0000,6325.8,"N",1023.36,"E",1,9,18.8,"M",,"N",3.8,"K",,"T",,"M",23.4,21,85.3,100.9,-0.77,,,,,,,,,,,,,,,,,,,,,
123904.0000,6325.81,"N",1023.36,"E",1,9,19.1,"M",,"N",4.2,"K",,"T",,"M",23.4,21,84.7,100.9,-0.88,,,,,,,,,,,,,,,,,,,,,
123905.0000,6325.81,"N",1023.36,"E",1,7,19.3,"M",2.36,"N",4.4,"K",,"T",,"M",23.4,21.7,84.4,100.9,-0.88,,,,,,,,,,,,,,,,,,,,,
123906.0000,6325.81,"N",1023.36,"E",1,6,19.3,"M",,6,0,53,3,23.36,3.36,,23.4,21.8,84.4,100.9,-0.99,,,,,,,,,,,,,,,,,,,,,
123907.0000,6325.8,"N",1023.36,"E",1,7,19.3,"M",2.24,"N",4.1,"K",,"T",,"M",23.4,21.8,84.4,100.8,-1.11,,,,,,,,,,,,,,,,,,,,,
123908.0000,6325.8,"N",1023.36,"E",1,7,19.3,"M",2.13,"N",3.9,"K",,"T",,"M",23.4,21.8,84.4,100.9,-1,,,,,,,,,,,,,,,,,,,,,
123910.0000,6325.81,"N",1023.35,"E",1,7,19.5,"M",,"N",4.3,"K",,"T",,"M",23.4,21.8,84.4,100.8,-1.11,,,,,,,,,,,,,,,,,,,,,
123927.0000,6325.8,"N",1023.34,"E",1,8,21,"M",123927,,325.8,,1023.34,433,3,"08 24.5",24.5,22.7,83.9,100.8,-1,,,,,,,,,,,,,,,,,,,,,
123928.0000,6325.8,"N",1023.34,"E",1,8,20.9,"M",0.11,"N",0.2,"K",,"T",,"M",24.5,22.7,82.1,100.8,-0.88,,,,,,,,,,,,,,,,,,,,,
123929.0000,6325.8,"N",1023.34,"E",1,8,20.7,"M",0.37,"N",0.7,"K",,"T",,"M",24.5,22.6,82.1,100.8,-1,,,,,,,,,,,,,,,,,,,,,
123930.0000,6325.8,"N",1023.34,"E",1,7,20.6,"M",0.64,"N",1.2,"K",,"T",,"M",24.5,22.7,82.1,100.8,-1,,,,,,,,,,,,,,,,,,,,,
123931.0000,6325.8,"N",1023.34,"E",1,7,20.8,"M",0.48,"N",0.9,"K",123932,0,0,05/24/05,24.5,22.6,82.1,100.7,-1,,,,,,,,,,,,,,,,,,,,,
123933.0000,6325.8,"N",1023.34,"E",1,8,21,"M",,"N",0.8,"K",,"T",,"M",24.1,21.8,82.1,100.8,-1.11,,,,,,,,,,,,,,,,,,,,,
123934.0000,6325.8,"N",1023.34,"E",1,8,21.4,"M",,"N",0.4,"K",,"T",,"M",23.8,21.8,82.1,100.8,-1.11,,,,,,,,,,,,,,,,,,,,,
123935.0000,6325.8,"N",1023.34,"E",1,7,21.4,"M",0.21,"N",0.4,"K",,"T",,"M",23.8,21.8,82.1,100.7,-1,,,,,,,,,,,,,,,,,,,,,
123936.0000,6325.8,"N",1023.34,"E",1,7,21.3,"M",,"N",0.4,"K",,"T",,"M",23.8,21.8,82.1,100.8,-1,,,,,,,,,,,,,,,,,,,,,
123938.0000,6325.8,"N",1023.34,"E",1,8,20.9,"M",0.28,"N",0.5,"K",,"T",,"M",23.7,21.8,83.6,100.8,-0.99,,,,,,,,,,,,,,,,,,,,,
123940.0000,6325.8,"N",1023.34,"E",1,8,19.8,"M",,"N",0.6,"K",,"T",,"M",23.6,21.8,83.9,100.9,-1,,,,,,,,,,,,,,,,,,,,,
124017.0000,6325.8,"N",1023.34,"E",1,8,18.2,"M",,"N",1.3,"K",,"T",,"M",24.3,23.7,79.7,100.8,-1.11,,,,,,,,,,,,,,,,,,,,,
124018.0000,6325.8,"N",1023.34,"E",1,8,17.8,"M",,"N",0.1,"K",,"T",,"M",24.3,23.7,79.7,100.9,-0.99,,,,,,,,,,,,,,,,,,,,,
124019.0000,6325.8,"N",1023.34,"E",1,8,17.6,"M",0.5,"N",0.9,"K",,"T",,"M",24.4,23.7,79.7,100.8,-1,,,,,,,,,,,,,,,,,,,,,
124020.0000,6325.8,"N",1023.35,"E",1,8,17.8,"M",0.29,"N",0.5,"K",,"T",,"M",24.5,23.7,79.7,100.9,-1.33,,,,,,,,,,,,,,,,,,,,,
124021.0000,6325.8,"N",1023.35,"E",1,8,18.2,"M",,"N",0.5,"K",,"T",,"M",24.5,23.2,79.7,100.9,-1,,,,,,,,,,,,,,,,,,,,,
124022.0000,6325.8,"N",1023.35,"E",1,8,18.7,"M",0.38,"N",0.7,"K",,"T",,"M",24.5,24.7,79.4,100.9,-1.22,,,,,,,,,,,,,,,,,,,,,
124024.0000,6325.8,"N",1023.35,"E",1,6,19.4,"M",,"N",0.3,"K",,"T",,"M",24.5,24.7,79.1,100.9,-1.22,,,,,,,,,,,,,,,,,,,,,
124025.0000,6325.8,"N",1023.35,"E",1,6,19.5,"M",,"N",1.2,"K",,"T",,"M",24.5,24.7,79.4,100.7,-1.22,,,,,,,,,,,,,,,,,,,,,
124026.0000,6325.8,"N",1023.35,"E",1,8,19.6,"M",,"N",1,"K",,"T",,"M",24.5,24.7,77.9,100.8,-1.22,,,,,,,,,,,,,,,,,,,,,
124027.0000,6325.8,"N",1023.35,"E",1,6,19.8,"M",0.12,"N",0.2,"K",,"T",,"M",24.5,24.7,77.3,100.7,-1.22,,,,,,,,,,,,,,,,,,,,,
124029.0000,6325.8,"N",1023.35,"E",1,6,20,"M",0.82,"N",1.5,"K",,"T",,"M",24.5,24.6,77.3,100.9,-1.11,,,,,,,,,,,,,,,,,,,,,
124030.0000,6325.8,"N",1023.35,"E",1,5,20,"M",0.52,"N","1.0124031.000",0,0,0.8,7,"01 24.5",24.5,23.7,77.3,100.7,-1,,,,,,,,,,,,,,,,,,,,,
124032.0000,6325.8,"N",1023.35,"E",1,5,20,"M",,"N",0.2,"K",,"T",,"M",24.5,23.7,77.3,100.9,-1,,,,,,,,,,,,,,,,,,,,,
124034.0000,6325.8,"N",1023.35,"E",1,4,20.1,"M",0.55,"N",1,"K",,"T",,"M",24.1,22.7,77.3,100.9,-3,,,,,,,,,,,,,,,,,,,,,
124035.0000,6325.8,"N",1023.35,"E",1,3,20.5,"M",1.28,"N",2.4,"K",,"T",,"M",24.5,22.7,77.3,100.9,-2.99,,,,,,,,,,,,,,,,,,,,,
124036.0000,6325.8,"N",1023.35,"E",1,4,20.6,"M",,"N",2.4,"K",,"T","124036.0 24.3",".0 24.3",24.3,22.7,77.3,100.8,-2.99,,,,,,,,,,,,,,,,,,,,,
124037.0000,6325.8,"N",1023.35,"E",1,4,21,"M",1.48,"N",2.7,"K",,"T",,"M",24,22.7,77.3,100.8,-0.99,,,,,,,,,,,,,,,,,,,,,
124039.0000,6325.8,"N",1023.34,"E",1,4,20.3,"M",,"N",3.8,"K",,"T",,"M",24.5,22.7,77.3,101,-1.22,,,,,,,,,,,,,,,,,,,,,
124040.0000,6325.8,"N",1023.34,"E",1,5,20.1,"M",,"N",1.6,"K",,"T",,"M",24.4,22.7,77.3,100.9,-1.22,,,,,,,,,,,,,,,,,,,,,
124109.0000,6325.8,"N",1023.35,"E",1,8,26.4,"M",,"N",0.4,"K",,"T",,"M",24.7,27.9,79.7,101,-1,,,,,,,,,,,,,,,,,,,,,
124110.0000,"6325.8028124110.000",24110,110,5.8,8028,28,"N",2,"E",5,,31,,"N",0.6,,24.5,27.9,79.7,101,-1,,,,,,,,,,,,,,,,,,,,,
124111.0000,6325.8,"N",1023.35,"E",1,9,26.4,"M",,"N",0.4,"K",,"T",,"M",25.1,27.9,79.7,100.9,-1,,,,,,,,,,,,,,,,,,,,,
124112.0000,6325.8,"N",1023.35,"E",1,8,25.8,"M",0.24,"N",0.4,"K",,"T",,"M",24.5,27.9,77.3,100.9,-0.99,,,,,,,,,,,,,,,,,,,,,
124113.0000,6325.8,"N",1023.35,"E",1,9,25.5,"M",0.48,"N",0.9,"K",,"T",,"M",24.7,26.8,77.3,100.9,-1,,,,,,,,,,,,,,,,,,,,,
124114.0000,6325.8,"N",1023.35,"E",1,9,24.8,"M",1.16,"N",2.1,"K",,"T",,"M",25.7,26.8,77.3,101,-0.88,,,,,,,,,,,,,,,,,,,,,
124116.0000,6325.8,"N",1023.34,"E",1,9,23.7,"M",,"N",3,"K",,"T",,"M",25.7,26.8,77.3,101.2,-1,,,,,,,,,,,,,,,,,,,,,
124117.0000,6325.8,"N",1023.34,"E",1,9,23.2,"M",,"N",3.2,"K",,"T",,"M",25.7,26.8,77.9,101,-0.88,,,,,,,,,,,,,,,,,,,,,
124118.0000,6325.8,"N",1023.34,"E",1,9,22.6,"M",2.25,"N",4.2,"K",,"T",,"M",25.7,26.8,77.3,100.9,-0.88,,,,,,,,,,,,,,,,,,,,,
124126.0000,6325.8,"N",1023.33,"E",1,11,19.5,"M",,"N",4.7,"K",,"T",,"M",25.7,25.7,76.5,100.9,-1.11,,,,,,,,,,,,,,,,,,,,,
124127.0000,6325.8,"N",1023.33,"E",1,11,19.4,"M",2.59,"N",4.8,"K",,"T",,"M",25.2,24.7,76.5,100.9,-1.22,,,,,,,,,,,,,,,,,,,,,
124128.0000,6325.8,"N",1023.32,"E",1,11,19.4,"M",2.41,"N",4.5,"K",,"T",,"M",24.7,24.7,75,101,-1.33,,,,,,,,,,,,,,,,,,,,,
124142.0000,6325.8,"N",1023.32,"E",1,11,19.9,"M",2.24,"N",4.1,"K",,"T",,"M",24.5,23.7,75.3,100.9,-1,,,,,,,,,,,,,,,,,,,,,
124233.0000,6325.77,"N",1023.3,"E",1,10,26,"M",2.5,"N",4.6,"K",,"T",,"M",24.5,21.8,77,100.8,-1.11,,,,,,,,,,,,,,,,,,,,,
124234.0000,6325.77,"N",1023.3,"E",1,10,26.7,"M",2.44,"N",4.5,"K",,"T",,"M",24.8,21.8,77.3,100.8,-1.11,,,,,,,,,,,,,,,,,,,,,
124235.0000,6325.77,"N",1023.3,"E",1,10,27.5,"M",2.56,"N",4.7,"K",,"T",,"M",25.5,21.8,77.3,100.3,-1.11,,,,,,,,,,,,,,,,,,,,,
124237.0000,6325.77,"N",1023.3,"E",1,10,28.9,"M",,"N",4.7,"K",,"T",,"M",25.7,21.8,77.3,100.9,-1.11,,,,,,,,,,,,,,,,,,,,,
124238.0000,6325.77,"N",1023.3,"E",1,10,29.2,"M",,"N",4.9,"K",,"T",,"M",25.7,21.8,77.3,100.8,-1,,,,,,,,,,,,,,,,,,,,,
124239.0000,6325.77,124239,4239,25.77,0.77,661,,65,,0.6,,0.95,5,,,,25.7,21.7,77.3,100.9,-0.77,,,,,,,,,,,,,,,,,,,,,
124240.0000,6325.77,"N",1023.3,"E",1,10,29.6,"M",2.24,"N",4.1,"K",,"T",,"M",25.5,21,77.3,100.6,-0.99,,,,,,,,,,,,,,,,,,,,,
124241.0000,6325.77,"N",1023.29,"E",1,10,29.5,"M",,"N",4.1,"K",,"T",,"M",25.7,21.2,77.3,98.9,-0.77,,,,,,,,,,,,,,,,,,,,,
124242.0000,6325.77,"N",1023.29,"E",1,10,29.3,"M",2.39,"N",4.4,"K",,"T",,"M",25.5,21.6,77.3,100.7,-1.11,,,,,,,,,,,,,,,,,,,,,
124244.0000,6325.76,"N",1023.29,"E",1,10,28.7,"M",,"N",3.9,"K",,"T",,"M",25.2,21.4,77.3,100.8,-1.11,,,,,,,,,,,,,,,,,,,,,
124245.0000,6325.76,"N",1023.29,"E",1,10,28.8,"M",,"N",4.3,"K",,"T",,"M",25.7,21.8,77.3,100.9,-1.33,,,,,,,,,,,,,,,,,,,,,
124310.0000,6325.76,"N",1023.26,"E",1,10,19.8,"M",2.6,"N",4.8,"K",,"T",,"M",22.3,18.6,79.4,101,-1,,,,,,,,,,,,,,,,,,,,,
124311.0000,"6325.7575124311.000",24311,311,5.76,7575,75,"N",1,"E",1,,60,,"N",4.8,,22,18.6,79.4,101,-1.11,,,,,,,,,,,,,,,,,,,,,
124312.0000,6325.76,"N",1023.26,"E",1,10,18.8,"M",2.21,"N",4.1,"K",,"T",,"M",21.4,18.5,78.5,100.9,-1,,,,,,,,,,,,,,,,,,,,,
124314.0000,6325.76,"N",1023.25,"E",1,10,18.1,"M",,"N",4.4,"K",,"T",,"M",21.4,18.4,78.5,101,-0.88,,,,,,,,,,,,,,,,,,,,,
124315.0000,6325.76,"N",1023.25,"E",1,9,18,"M",,"N",4.6,"K",,"T",,"M",21.4,17.8,77.3,100.9,-0.88,,,,,,,,,,,,,,,,,,,,,
124316.0000,6325.76,"N",1023.25,"E",1,9,17.6,"M",,"N",4.7,"K",,"T",,"M",21.5,18.1,77.3,101,-0.88,,,,,,,,,,,,,,,,,,,,,
124317.0000,6325.76,"N",1023.25,"E",1,10,17.6,"M",2.57,"N",4.8,"K",,"T",,"M",21.5,18.3,77.3,101,-0.66,,,,,,,,,,,,,,,,,,,,,
124318.0000,6325.76,"N",1023.25,"E",1,10,17.7,"M",2.65,"N",4.9,"K",,"T",,"M",21.4,17.8,77.3,100.9,-0.55,,,,,,,,,,,,,,,,,,,,,
124319.0000,6325.76,"N",1023.25,"E",1,10,17.9,"M",2.84,"N",5.3,"K",,"T",,"M",21.4,17.8,77.3,100.8,-0.99,,,,,,,,,,,,,,,,,,,,,
124321.0000,6325.75,"N",1023.24,"E",1,9,18,"M",,"N",5,"K",,"T",,"M",21.4,17.8,77.3,100.7,-1.22,,,,,,,,,,,,,,,,,,,,,
124322.0000,6325.75,"N",1023.24,"E",1,9,20.4,"M",,"N",4.6,"K",,"T",,"M",21.4,17.8,77.3,100.8,-1.22,,,,,,,,,,,,,,,,,,,,,
124323.0000,6325.75,"N",1023.24,"E",1,9,20.4,"M",,"N",2.8,"K",,"T",,"M",20.7,17.6,77.3,100.9,-1.22,,,,,,,,,,,,,,,,,,,,,
124324.0000,6325.75,"N",1023.24,"E",1,9,19.8,"M",1.46,"N",2.7,"K",,"T",,"M",20.7,17.8,77.9,100.8,-1.33,,,,,,,,,,,,,,,,,,,,,
124325.0000,6325.75,"N",1023.24,"E",1,9,19.9,"M",1.62,"N",3,"K",,"T",,"M",21,17.8,79.7,100.8,-0.99,,,,,,,,,,,,,,,,,,,,,
124326.0000,6325.75,"N",1023.24,"E",1,10,20.7,"M",,"N",3,"K",,"T",,"M",21.2,17.8,79.7,100.9,-0.88,,,,,,,,,,,,,,,,,,,,,
124327.0000,6325.75,"N",1023.24,"E",1,10,21.4,"M",2.04,"N",3.8,"K",,"T",,"M",21,17.9,79.7,100.8,-0.88,,,,,,,,,,,,,,,,,,,,,
124329.0000,6325.75,"N",1023.24,"E",1,11,24.1,"M",,"N",2.9,"K",,"T",,"M1 21.2",21.2,18.5,79.7,100.8,-0.88,,,,,,,,,,,,,,,,,,,,,
124330.0000,6325.75,"N",1023.24,"E",1,10,23.9,"M",,"N",3.4,"K",,"T",,"M",21.3,18.6,79.7,100.9,-0.77,,,,,,,,,,,,,,,,,,,,,
124331.0000,6325.75,"N",1023.24,"E",1,10,23.6,"M",,"N",1.9,0,0,5.75,7461,,21.4,18.6,79.7,100.8,-0.88,,,,,,,,,,,,,,,,,,,,,
124332.0000,6325.75,"N",1023.24,"E",1,10,23.4,"M",0.82,"N",1.5,"K",,"T",,"M",21.4,18.6,79.7,100.8,-1.11,,,,,,,,,,,,,,,,,,,,,
124333.0000,6325.74,"N",1023.24,"E",1,10,23.6,"M",1.29,"N",2.4,"K",,"T",,"M",21.4,18.6,79.7,100.9,-1.11,,,,,,,,,,,,,,,,,,,,,
124334.0000,6325.74,"N",1023.24,"E",1,10,24.5,"M",1.51,"N",2.8,"K",,"T",,"M",21.4,18.6,79.7,100.9,-1.22,,,,,,,,,,,,,,,,,,,,,
124336.0000,6325.74,"N",1023.24,"E",1,11,22,"M",,"N",4.1,"K",,"T",,"M",21.4,19.4,79.7,100.9,-1.33,,,,,,,,,,,,,,,,,,,,,
124337.0000,6325.74,"N",1023.24,"E",1,11,20.2,"M",,"N",4.1,"K",,"T",,"M",21.4,19.4,79.7,100.9,-1.22,,,,,,,,,,,,,,,,,,,,,
124338.0000,6325.74,"N",1023.24,"E",1,11,19.1,"M",,"N",4.4,"K",,38,0,"32 21.4",21.4,19.4,79.7,100.9,-1.33,,,,,,,,,,,,,,,,,,,,,
124339.0000,6325.74,"N",1023.24,"E",1,11,18.5,"M",2.35,"N",4.4,"K",,"T",,"M",21.4,19.4,79.7,100.9,-1.44,,,,,,,,,,,,,,,,,,,,,
124340.0000,6325.74,"N",1023.25,"E",1,11,18.1,"M",2.08,"N",3.8,"K",,"T",,"M",21.4,19.4,79.7,100.9,-1.11,,,,,,,,,,,,,,,,,,,,,
124341.0000,6325.74,"N",1023.25,"E",1,11,18.1,"M",,"N",3.8,"K",,"T",,"M",21,19.4,79.7,100.9,-0.88,,,,,,,,,,,,,,,,,,,,,
124342.0000,6325.74,"N",1023.25,"E",1,11,18.4,3,0,389,9,2501,1,,1,,21,19,79.7,100.9,-0.88,,,,,,,,,,,,,,,,,,,,,
"124344.000124344.000",24344,6325.74,25.74,1023.25,23.25,0.25,17,8,0,,17,4,0,,"K","04 20.4",20.4,18.7,80.3,100.9,-0.99,,,,,,,,,,,,,,,,,,,,,
124345.0000,6325.74,"N",102124345,0,0,6325.74,5.74,23.25,3.25,,1,,,3,,,20.8,18.9,80.3,100.9,-0.88,,,,,,,,,,,,,,,,,,,,,
124346.0000,"6325.7387124346.000",24346,346,5.74,7387,87,"N",9,"E",4,,20,,"N",4.1,,20.4,18.8,80,100.9,-0.88,,,,,,,,,,,,,,,,,,,,,
124347.0000,6325.74,"N",1023.26,"E",1,11,17.1,"M",1.88,"N",3.5,"K",,"T",,"M",20.4,19,81.8,100.9,-1.11,,,,,,,,,,,,,,,,,,,,,
124348.0000,6325.74,"N",1023.26,"E",1,10,17,"M",1.97,"N",3.7,"K",,"T",,"M",20.4,19.4,81.8,100.9,-1.22,,,,,,,,,,,,,,,,,,,,,
124349.0000,6325.74,"N",1023.26,"E",1,11,16.5,"M",1.92,"N",3.6,"K",,"T",,"M",20.4,19.4,80.9,100.9,-1,,,,,,,,,,,,,,,,,,,,,
124351.0000,6325.74,"N",1023.26,"E",1,11,16.3,"M",,"N",3.6,"K",,"T",,"M",20.4,19.4,80.6,100.9,-1,,,,,,,,,,,,,,,,,,,,,
124352.0000,6325.74,"N",1023.26,"E",1,11,16.2,"M",,"N",3.5,"K",,"T",,"M",20.4,19.4,80.6,100.8,-1.22,,,,,,,,,,,,,,,,,,,,,
124353.0000,6325.74,"N",1023.26,"E 124353.000",124353,4353,3,7376,76,0.26,640,,6.2,,,"06 20.4",20.4,19.4,80.6,100.8,-1.11,,,,,,,,,,,,,,,,,,,,,
124354.0000,6325.74,"N",1023.26,"E",1,11,16.3,"M",1.95,"N",3.6,"K",,"T",,"M",20.4,19.4,81.8,100.9,-0.99,,,,,,,,,,,,,,,,,,,,,
124355.0000,6325.74,"N",1023.27,"E",1,11,16.3,"M",2.01,"N",3.7,"K",,"T",,"M",20.4,18.6,80.9,100.8,-1,,,,,,,,,,,,,,,,,,,,,
124356.0000,6325.74,"N",1023.27,"E",1,11,16.3,"M",,6,0,356,6,23.27,3.27,,20.4,18.6,80.3,100.8,-1,,,,,,,,,,,,,,,,,,,,,
124358.0000,6325.73,"N",1023.27,"E",1,11,16.2,"M",,"N",3.8,"K",,"T",,"M",20.4,18.6,81.2,100.9,-1.11,,,,,,,,,,,,,,,,,,,,,
124359.0000,6325.73,"N",1023.27,"E",1,10,16.2,"M",,"N",4.3,"K",,"T",,"M",20.4,18.6,79.7,100.8,-1.33,,,,,,,,,,,,,,,,,,,,,
124410.0000,6325.73,"N",1023.27,"E",1,11,18.3,"M",2.41,"N",4.5,"K",,"T",,"M",19.5,17.1,80.3,100.9,-0.88,,,,,,,,,,,,,,,,,,,,,
124411.0000,6325.73,"N",1023.27,"E",1,11,18.3,"M",2.18,"N",4,"K",,"T",,"M",19.5,16.9,82.1,100.9,-1.22,,,,,,,,,,,,,,,,,,,,,
124413.0000,6325.73,"N",1023.27,"E",1,11,19.1,"M",,"N",3.7,"K",,"T",,"M",19.5,17,82.1,100.9,-1.33,,,,,,,,,,,,,,,,,,,,,
124443.0000,6325.71,"N",1023.28,"E",1,10,22.3,"M",,"N",0.1,"K",,"T",,"M",19.5,17.1,82.1,100.9,-0.99,,,,,,,,,,,,,,,,,,,,,
124444.0000,6325.71,"N",1023.28,"E",1,10,22.4,"M",,"N",0.2,"K",,"T",,"M",19.5,17.1,82.1,100.9,-1,,,,,,,,,,,,,,,,,,,,,
124445.0000,6124445,0,6325.71,,1023.28,23.28,2843,,2.5,"M",0.07,"N",0.1,,,07/19/05,19.5,17.1,82.1,100.9,0,,,,,,,,,,,,,,,,,,,,,
124446.0000,6325.71,"N",1023.28,"E",1,10,22.6,"M",,"N",0.1,"K",,"T",,"M",19.5,17.1,82.1,100.9,-0.99,,,,,,,,,,,,,,,,,,,,,
124447.0000,6325.71,"N",1023.28,"E",1,10,22.7,"M",0.2,"N",0.4,"K",,"T",,"M",19.5,17.1,82.1,100.8,-1.11,,,,,,,,,,,,,,,,,,,,,
124448.0000,6325.71,"N",1023.28,"E",1,10,22.8,"M",0.18,"N",0.3,"K",,"T",,"M",19.5,17.1,84.4,100.9,-1.11,,,,,,,,,,,,,,,,,,,,,
124517.0000,6325.7,"N",1023.28,"E",1,11,18.5,"M",1.73,"N",3.2,"K",,"T",,"M",20.4,17.8,83.6,101,-1.11,,,,,,,,,,,,,,,,,,,,,
124521.0000,6325.7,"N",1023.28,"E",1,9,18.1,"M",,"N",2.2,"K",,"T",,"M",20.4,17.9,84.4,100.9,-1,,,,,,,,,,,,,,,,,,,,,
124522.0000,6325.7,"N",1023.28,"E",1,9,18.7,"M",,"N",1.1,"K",,"T",,"M",20.4,18.9,84.1,100.9,-0.99,,,,,,,,,,,,,,,,,,,,,
124523.0000,6325.7,"N",1023.28,"E",1,9,19.4,"M",0.28,"N",0.5,"K",,"T",,"M",20.4,18.2,84.4,100.9,-1,,,,,,,,,,,,,,,,,,,,,
124524.0000,6325.7,"N",1023.28,"E",1,9,20.2,"M",0.14,"N",0.3,"K",,"T",,"M",20.4,18.6,84.1,101,-1,,,,,,,,,,,,,,,,,,,,,
124525.0000,6325.7,"N",1023.28,"E",1,9,21,"M",0.12,"N",0.2,"K",,"T",,"M",20.3,18.6,84.4,100.9,-1,,,,,,,,,,,,,,,,,,,,,
124526.0000,6325.7,"N",1023.28,"E",1,8,22,"M",0.11,"N",124527,,325.7,8,,"23 20.4",20.4,18.6,84.4,101,-0.99,,,,,,,,,,,,,,,,,,,,,
124528.0000,6325.7,"N",1023.28,"E",1,8,23.8,"M",,"N",0.2,"K",,"T",,"M",20.4,18.6,84.4,100.9,-1,,,,,,,,,,,,,,,,,,,,,
124529.0000,6325.7,"N",1023.28,"E",1,8,24.6,"M",,"N",0.1,"K",,"T",,"M",20.4,18.6,84.1,100.9,-1,,,,,,,,,,,,,,,,,,,,,
124530.0000,6325.7,"N",1023.28,"E",1,8,25.6,"M",0.18,"N",0.3,"K",,"T",,"M",20.4,18.6,84.1,100.9,-0.99,,,,,,,,,,,,,,,,,,,,,
124555.0000,6325.7,"N",1023.28,"E",1,10,28,"M",0.16,"N",0.3,"K",,"T",,"M",19.6,17.8,84.4,100.9,-1,,,,,,,,,,,,,,,,,,,,,
124558.0000,6325.7,"N",1023.28,"E",1,9,27.4,"M",,"N",0.2,"K",,"T",,"M",20.1,17.8,84.4,101,-1,,,,,,,,,,,,,,,,,,,,,
124559.0000,6325.7,"N",1023.28,"E",1,9,27.3,"M",124559,,325.7,,1023.28,847,7,"09 19.6",19.6,17.8,84.4,100.9,-1,,,,,,,,,,,,,,,,,,,,,
124600.0000,6325.7,"N",1023.28,"E",1,9,27.2,"M",0.06,"N",0.1,"K",,"T",,"M",19.6,17.8,84.4,100.9,-1.11,,,,,,,,,,,,,,,,,,,,,
124601.0000,6325.7,"N",1023.28,"E",1,8,27,"M",,"N",0.1,"K",,"T",,"M",19.6,17.8,84.4,100.9,-1,,,,,,,,,,,,,,,,,,,,,
124602.0000,6325.7,"N",1023.28,"E",1,9,26.8,"M",0.06,"N",0.1,"K",,"T",,"M",19.6,17.8,84.4,101,-1.11,,,,,,,,,,,,,,,,,,,,,
124603.0000,6325.7,"N",1023.28,"E",1,9,26.7,604,4,0.7,3,3.29,2850,,,".6 19.6",19.6,17.8,84.4,101,-1,,,,,,,,,,,,,,,,,,,,,
"124605.0124605.000",605,25.7,0.7,23.29,0.29,852,,6,,46,,9,,"K",,"T",19.6,17.8,84.4,100.9,-1.11,,,,,,,,,,,,,,,,,,,,,
124606.0000,632124606,0,0,,,1023.29,3.29,10,,,"M",,"N",,,,19.6,17.8,84.4,100.9,-1.22,,,,,,,,,,,,,,,,,,,,,
124607.0000,6325.7,"N",1023.29,"E",1,10,26.5,"M",0.34,"N",0.6,"K",,"T",,"M",19.5,17.8,84.4,100.9,-1.11,,,,,,,,,,,,,,,,,,,,,
124608.0000,6325.7,"N",1023.29,"E",1,10,26.4,"M",0.09,"N",0.2,"K",,"T",,"M",19.5,17.8,84.4,101,-1,,,,,,,,,,,,,,,,,,,,,
124609.0000,6325.7,"N",1023.29,"E",1,9,26.3,"M",0.15,"N",0.3,"K",,"T",,"M",19.6,17.8,84.4,101,-1,,,,,,,,,,,,,,,,,,,,,
124610.0000,6325.7,"N",1023.29,"E",1,9,26.3,"M",0.17,"N",0.3,"K",,"T",,"M",19.5,17.8,84.4,100.9,-1.11,,,,,,,,,,,,,,,,,,,,,
124612.0000,6325.7,"N",1023.29,"E",1,10,26.3,"M",,"N",0.4,"K",,"T",,"M",19.5,17.8,84.4,100.9,-1,,,,,,,,,,,,,,,,,,,,,
124613.0000,6325.7,"N",1023.29,"E",1,10,26.3,"M",,"N",0.5,"K",,"T",,"M",19.6,17.8,84.4,101,-1.11,,,,,,,,,,,,,,,,,,,,,
124614.0000,632124614,0,0,,,1023.29,3.29,10,,,"M",,"N",,,,19.8,17.8,84.4,101,-1,,,,,,,,,,,,,,,,,,,,,
124615.0000,6325.7,"N",1023.29,"E",1,10,26.2,"M",0.34,"N",0.6,"K",,"T",,"M",19.5,18,84.4,101,-1,,,,,,,,,,,,,,,,,,,,,
124616.0000,6325.7,"N",1023.29,"E",1,10,26.1,"M",,"N",0.6,"K",,"T",,"M",19.5,18,84.4,100.9,-1.11,,,,,,,,,,,,,,,,,,,,,
124617.0000,6325.7,"N",1023.29,"E",1,8,26.1,"M",0.11,"N",0.2,"K",,"T",,"M",19.5,18.1,84.4,100.9,-1.11,,,,,,,,,,,,,,,,,,,,,
124619.0000,6325.7,"N",1023.29,"E",1,10,26,"M",,"N",0.6,"K",,"T",,"M",19.5,18,84.4,101,-1,,,,,,,,,,,,,,,,,,,,,
124620.0000,6325.7,"N",1023.29,"E",1,10,25.9,"M",,"N",0.3,"K",,"T",,"M",19.5,17.8,84.4,101,-1,,,,,,,,,,,,,,,,,,,,,
124621.0000,6325.7,"N",1023.29,"E",1,10,25.7,"M",,"N",0.4,"K",,"T",,"M",19.5,17.8,84.4,100.9,-1,,,,,,,,,,,,,,,,,,,,,
124622.0000,6325.7,"N",1023.29,"E",1,10,25.7,"M",0.05,"N",0.1,"K",,"T",,"M",19.8,17.8,84.4,100.9,-1.11,,,,,,,,,,,,,,,,,,,,,
124631.0000,6325.7,"N",1023.28,"E",1,9,25,"M",,"N",1.3,"K",,"T",,"M",19.5,18.6,85.3,101,-1.22,,,,,,,,,,,,,,,,,,,,,
124632.0000,6325.7,"N",1023.28,"E",1,9,25.2,"M",1.13,"N",2.1,"K",,"T",,"M",19.5,18.5,84,101,-1,,,,,,,,,,,,,,,,,,,,,
124634.0000,6325.7,"N",1023.28,"E",1,8,25.5,"M",,"N",2.5,"K",,"T",,"M",19.5,18.6,85,100.9,-1,,,,,,,,,,,,,,,,,,,,,
124635.0000,6325.7,"N",1023.28,"E",1,5,24.8,"M",,"N",2.4,"K",,"T",,"M",19.5,18.6,85,101,-0.99,,,,,,,,,,,,,,,,,,,,,
124636.0000,6325.7,"N",1023.28,"E",1,6,24.8,"M",,"N",4,"K",,"T",,"M",19.5,18.6,85,101,-1,,,,,,,,,,,,,,,,,,,,,
124637.0000,6325.7,"N",1023.28,"E",1,6,24.5,"M",3.74,"N",6.9,"K",,"T",,"M",19.5,18.6,85,100.9,-1.11,,,,,,,,,,,,,,,,,,,,,
124638.0000,6325.7,"N",1023.28,"E",1,5,24.1,"M",3.76,"N",7,"K",,"T",,"M",19.5,18.6,84.7,101,-1,,,,,,,,,,,,,,,,,,,,,
124639.0000,6325.7,"N",1023.28,"E",1,4,24,"M",3.34,"N",6.2,"K",,"T",,"M",19.5,18.6,84.7,101,-1,,,,,,,,,,,,,,,,,,,,,
124640.0000,6325.69,"N",1023.28,"E",1,3124641,24641,325.69,5.69,1023.29,23.29,1,4,9,,"M",19.5,18.6,84.7,100.9,-1.11,,,,,,,,,,,,,,,,,,,,,
124642.0000,6325.69,"N",1023.29,"E",1,3,23.8,"M",,"N",12.4,"K",,"T",,"M",19.5,19.3,84.4,100.9,-1.33,,,,,,,,,,,,,,,,,,,,,
124643.0000,6325.69,"N",1023.29,"E",1,3,23.7,"M",,"N",10.3,"K",,"T",,"M",19.9,19.4,85.3,101,-1.11,,,,,,,,,,,,,,,,,,,,,
124644.0000,,"N",0,"E",0,0,,"M",,"N",,"K",,"T",,"M",20.3,19.4,85,101,-0.88,,,,,,,,,,,,,,,,,,,,,
124645.0000,,"N",0,"E",0,0,,"M",,"N",,"K",,"T",,"M",20.4,19.4,85,100.9,-0.99,,,,,,,,,,,,,,,,,,,,,
124646.0000,,"N",0,"E",0,0,,"M",,"N",,"K",,"T",,"M",20.2,20.2,86.2,100.9,-1.22,,,,,,,,,,,,,,,,,,,,,
124647.0000,,124648,4648,25.69,0.69,902,,90,,0.7,,,5,,,,20.4,20.2,85.3,101,-0.99,,,,,,,,,,,,,,,,,,,,,
124649.0000,,"N",0,"E",0,0,,"M",,"N",,"K",,"T",,"M",20.4,20.2,85,101,-1.22,,,,,,,,,,,,,,,,,,,,,
124650.0000,,"N",0,"E",0,0,,"M",,"N",,"K",,"T",,"M",20.4,20.2,84.7,100.9,-1.44,,,,,,,,,,,,,,,,,,,,,
124651.0000,,"N",0,"E",0,0,,"M",,"N",,"K",,"T",,"M",20.4,20.3,84.7,100.9,-1.22,,,,,,,,,,,,,,,,,,,,,
124652.0000,,"N",0,"E",0,0,,"M",,"N",,"K",,"T",,"M",20.4,21,84.4,100.9,-1,,,,,,,,,,,,,,,,,,,,,
124653.0000,,"N",0,"E",0,0,,"M",,"N",,"K",,"T",,"M",20.4,21,84.4,100.9,-1.11,,,,,,,,,,,,,,,,,,,,,
124654.0000,,"N",0,"E",0,0,,"M",,"N",,"K",,"T",,"M",20.4,21,84.4,100.9,-1.22,,,,,,,,,,,,,,,,,,,,,
124656.0000,,"N",0,"E",0,0,,56,0,6902,2,0.29,890,0,0,7,20.4,21.2,84.4,100.9,-1.22,,,,,,,,,,,,,,,,,,,,,
124657.0000,,"N",0,4657,57,0,0,,,0,"E",7,,"M",,,20.4,21.8,84.4,100.9,-1.11,,,,,,,,,,,,,,,,,,,,,
124658.0000,6325.71,"N",1023.26,"E",1,3,20,"M",,"N",,58,0,325.71,5.71,,20.7,21.8,84.4,100.9,-1,,,,,,,,,,,,,,,,,,,,,
124700.0000,,"N",0,"E",0,0,,"M",,"N",,"K",,"T",,"M",21.4,22,84.4,100.9,-1.33,,,,,,,,,,,,,,,,,,,,,
124701.0000,,"N",0,"E",0,0,,"M",,"N",,"K",,"T",,"M",21.4,22.7,84.4,100.9,-1,,,,,,,,,,,,,,,,,,,,,
124703.0000,,"N",0,"E",0,0,,"M",,"N",,"K",,"T",,"M",21.4,22.7,84.4,100.9,-1,,,,,,,,,,,,,,,,,,,,,
124704.0000,,"N",0,"E124704.000",24704,704,0,150,0,2571,71,,0.8,,,7,21.4,22.7,84.4,100.9,-1.55,,,,,,,,,,,,,,,,,,,,,
124705.0000,,"N",0,"E",0,0,,"M",,"N",,"K",,"T",,"M",21.4,22.7,83,100.9,-0.88,,,,,,,,,,,,,,,,,,,,,
124706.0000,,"N",0,"E",0,0,,"M",,"N",,"K",,"T",,"M",21.4,22.7,82.1,100.9,-1.99,,,,,,,,,,,,,,,,,,,,,
124707.0000,,"N",0,"E",0,0,,"M",,"N",,"K",,"T",,"M",21.4,22.7,82.1,100.9,-0.66,,,,,,,,,,,,,,,,,,,,,
124708.0000,,"N",0,"E",0,0,,"M",,"N",,"K",,"T",,"M",21.4,22.9,82.1,100.9,-0.77,,,,,,,,,,,,,,,,,,,,,
124709.0000,6325.72,"N",1023.26,"E",1,3,17.8,"M",3.78,"N",7.04,"K",,"T",,"M",21.4,23.5,82.1,100.8,-1.11,,,,,,,,,,,,,,,,,,,,,
124712.0000,6325.71,"N",1023.25,"E",1,3,17.3,"M",,"N",3.24,"K",,"T",,"M",21.4,22.9,82.1,100.9,-1,,,,,,,,,,,,,,,,,,,,,
124713.0000,6325.7,"N",1023.24,"E",1,3,17.2,"M",7.23,"N",13.4,"K",,"T",,"M",21.4,22.7,82.1,100.8,-1,,,,,,,,,,,,,,,,,,,,,
124714.0000,6325.7,"N",1023.24,"E",1,3,17.5,"M",8.93,"N",16.5,"K",,"T",,"M",21.5,23.2,82.7,100.9,-1,,,,,,,,,,,,,,,,,,,,,
124715.0000,6325.69,"N",1023.24,"E",1,3,17.7,"M",11.48,"N",21.3,"K",,"T",,"M",21.6,22.7,83,100.9,-0.99,,,,,,,,,,,,,,,,,,,,,
124719.0000,6325.69,"N",1023.26,"E",1,5,6.47,"M",,"N",,"K",,"T",,"M",21.9,22.7,82.1,100.8,-0.88,,,,,,,,,,,,,,,,,,,,,
12472124720.0000,0,6967,67,2681,81,,1,,,,,,,"92.70T",".70T",,21.9,22.7,82.1,100.8,-1,,,,,,,,,,,,,,,,,,,,,
124722.0000,6325.7,"N",1023.27,"E",1,8,5.27,"M",1.43,"N",2.61,"K",,"T",,"M",21.8,22.7,82.1,100.8,-1,,,,,,,,,,,,,,,,,,,,,
124724.0000,,"N",124725,,,5.7,980,0.27,707,,,"M",,,,"61 22.3",22.3,22.7,82.1,100.8,-1,,,,,,,,,,,,,,,,,,,,,
124726.0000,,"N",0,"E",0,0,,"M",,"N",,"K",,"T",,"M",22.1,23.5,81.2,100.8,-1,,,,,,,,,,,,,,,,,,,,,
124727.0000,,"N",0,"E",0,0,,"M",,"N",,"K",,"T",,"M",22.3,23.7,79.7,100.9,-0.99,,,,,,,,,,,,,,,,,,,,,
124731.0000,,"N",0,"E",0,0,,"M",,"N",,"K",,"T",,"M",22.4,24.2,79.7,100.9,-1,,,,,,,,,,,,,,,,,,,,,
124733.0000,,0,0,,,,3.27,0,,,"M",,"N",,,,22.4,24.7,79.7,100.9,-1,,,,,,,,,,,,,,,,,,,,,
"124734.00124734.000",4734,,5.7,23.27,3.27,2707,7,27,,,28,,1,,,"6T 22.4",22.4,24.7,80.6,100.8,-1,,,,,,,,,,,,,,,,,,,,,
124735.0000,,"N",0,"E",0,0,,"M",,"N",,"K",,"T",,"M",22.4,24.7,79.7,100.9,-0.99,,,,,,,,,,,,,,,,,,,,,
124738.0000,,"N",0,"E",0,0,,"M",,"N",,"K",,"T",,"M",22.4,24.3,79.7,100.8,-1.99,,,,,,,,,,,,,,,,,,,,,
124740.0000,,"N",0,"E",0,0,,"M",,"N",,"K",,"T",,"M",22.4,24.7,79.7,100.9,-1,,,,,,,,,,,,,,,,,,,,,
124742.0000,,"N",0,"E",0,0,,"M",,"N",,"K",,"T",,"M",22.4,24.7,79.7,100.8,-1,,,,,,,,,,,,,,,,,,,,,
124743.0000,,"N",0,"E",0,0,,"M",,"N",,"K",,"T",,"M",22.4,24.7,77.3,100.9,-1,,,,,,,,,,,,,,,,,,,,,
,,,,,,,,,,,,,,,,,20.45,,,,,,,,,,,,,,,,,,,,,,,,,
